,TEAM,SEASON,PLAYERS
0,1610612737,2012-13,"['Al Horford', 'Anthony Morrow', 'Anthony Tolliver', 'Dahntay Jones', 'DeShawn Stevenson', 'Devin Harris', 'Ivan Johnson', 'Jannero Pargo', 'Jeff Teague', 'Jeremy Tyler', 'Johan Petro', 'John Jenkins', 'Josh Smith', 'Kyle Korver', 'Lou Williams', 'Mike Scott', 'Shelvin Mack', 'Zaza Pachulia']"
1,1610612737,2013-14,"['Al Horford', 'Cartier Martin', 'DeMarre Carroll', 'Dennis Schroder', 'Dexter Pittman', 'Elton Brand', 'Gustavo Ayon', 'James Nunnally', 'Jared Cunningham', 'Jeff Teague', 'John Jenkins', 'Kyle Korver', 'Lou Williams', 'Mike Muscala', 'Mike Scott', 'Paul Millsap', 'Pero Antic', 'Shelvin Mack']"
2,1610612737,2014-15,"['Adreian Payne', 'Al Horford', 'Austin Daye', 'DeMarre Carroll', 'Dennis Schroder', 'Elton Brand', 'Jeff Teague', 'John Jenkins', 'Kent Bazemore', 'Kyle Korver', 'Mike Muscala', 'Mike Scott', 'Paul Millsap', 'Pero Antic', 'Shelvin Mack', 'Thabo Sefolosha']"
3,1610612737,2015-16,"['Al Horford', 'Dennis Schroder', 'Edy Tavares', 'Jeff Teague', 'Justin Holiday', 'Kent Bazemore', 'Kirk Hinrich', 'Kris Humphries', 'Kyle Korver', 'Lamar Patterson', 'Mike Muscala', 'Mike Scott', 'Paul Millsap', 'Shelvin Mack', 'Thabo Sefolosha', 'Tiago Splitter', 'Tim Hardaway Jr.']"
4,1610612737,2016-17,"[""DeAndre' Bembry"", 'Dennis Schroder', 'Dwight Howard', 'Edy Tavares', 'Ersan Ilyasova', 'Gary Neal', 'Jose Calderon', 'Kent Bazemore', 'Kris Humphries', 'Kyle Korver', 'Lamar Patterson', 'Malcolm Delaney', 'Mike Dunleavy', 'Mike Muscala', 'Mike Scott', 'Paul Millsap', 'Ryan Kelly', 'Taurean Prince', 'Thabo Sefolosha', 'Tim Hardaway Jr.']"
5,1610612737,2017-18,"['Andrew White III', 'Antonius Cleveland', 'Damion Lee', ""DeAndre' Bembry"", 'Dennis Schroder', 'Dewayne Dedmon', 'Ersan Ilyasova', 'Isaiah Taylor', 'Jaylen Morris', 'Jeremy Evans', 'John Collins', 'Josh Magette', 'Kent Bazemore', 'Luke Babbitt', 'Malcolm Delaney', 'Marco Belinelli', 'Mike Muscala', 'Miles Plumlee', 'Nicolas Brussino', 'Taurean Prince', 'Tyler Cavanaugh', 'Tyler Dorsey']"
6,1610612737,2018-19,"['Alex Len', 'Alex Poythress', 'BJ Johnson', 'Daniel Hamilton', ""DeAndre' Bembry"", 'Dewayne Dedmon', 'Deyonta Davis', 'Isaac Humphries', 'Jaylen Adams', 'Jeremy Lin', 'John Collins', 'Jordan Sibert', 'Justin Anderson', 'Kent Bazemore', 'Kevin Huerter', 'Miles Plumlee', 'Omari Spellman', 'Taurean Prince', 'Trae Young', 'Tyler Dorsey', 'Tyler Zeller', 'Vince Carter']"
7,1610612737,2019-20,"['Alex Len', 'Allen Crabbe', 'Brandon Goodwin', 'Bruno Fernando', 'Cam Reddish', 'Chandler Parsons', 'Charles Brown Jr.', 'Damian Jones', ""De'Andre Hunter"", ""DeAndre' Bembry"", 'Dewayne Dedmon', 'Evan Turner', 'Jabari Parker', 'Jeff Teague', 'John Collins', 'Kevin Huerter', 'Paul Watson', 'Trae Young', 'Treveon Graham', 'Tyrone Wallace', 'Vince Carter']"
8,1610612738,2012-13,"['Avery Bradley', 'Brandon Bass', 'Chris Wilcox', 'Courtney Lee', 'DJ White', 'Darko Milicic', 'Fab Melo', 'Jared Sullinger', 'Jarvis Varnado', 'Jason Collins', 'Jason Terry', 'Jeff Green', 'Jordan Crawford', 'Kevin Garnett', 'Kris Joseph', 'Leandro Barbosa', 'Paul Pierce', 'Rajon Rondo', 'Shavlik Randolph', 'Terrence Williams']"
9,1610612738,2013-14,"['Avery Bradley', 'Brandon Bass', 'Chris Babb', 'Chris Johnson', 'Courtney Lee', 'Gerald Wallace', 'Jared Sullinger', 'Jeff Green', 'Jerryd Bayless', 'Joel Anthony', 'Jordan Crawford', 'Keith Bogans', 'Kelly Olynyk', 'Kris Humphries', 'MarShon Brooks', 'Phil Pressey', 'Rajon Rondo', 'Vander Blue', 'Vitor Faverani']"
10,1610612738,2014-15,"['Avery Bradley', 'Brandan Wright', 'Brandon Bass', 'Dwight Powell', 'Evan Turner', 'Gerald Wallace', 'Gigi Datome', 'Isaiah Thomas', 'Jae Crowder', 'Jameer Nelson', 'James Young', 'Jared Sullinger', 'Jeff Green', 'Jonas Jerebko', 'Kelly Olynyk', 'Marcus Smart', 'Marcus Thornton', 'Phil Pressey', 'Rajon Rondo', 'Shavlik Randolph', 'Tayshaun Prince', 'Tyler Zeller']"
11,1610612738,2015-16,"['Amir Johnson', 'Avery Bradley', 'Coty Clarke', 'David Lee', 'Evan Turner', 'Isaiah Thomas', 'Jae Crowder', 'James Young', 'Jared Sullinger', 'Jonas Jerebko', 'Jordan Mickey', 'Kelly Olynyk', 'Marcus Smart', 'RJ Hunter', 'Terry Rozier', 'Tyler Zeller']"
12,1610612738,2016-17,"['Al Horford', 'Amir Johnson', 'Avery Bradley', 'Demetrius Jackson', 'Gerald Green', 'Isaiah Thomas', 'Jae Crowder', 'James Young', 'Jaylen Brown', 'Jonas Jerebko', 'Jordan Mickey', 'Kelly Olynyk', 'Marcus Smart', 'Terry Rozier', 'Tyler Zeller']"
13,1610612738,2017-18,"['Abdel Nader', 'Al Horford', 'Aron Baynes', 'Daniel Theis', 'Gordon Hayward', 'Greg Monroe', 'Guerschon Yabusele', 'Jabari Bird', 'Jarell Eddie', 'Jaylen Brown', 'Jayson Tatum', 'Jonathan Gibson', 'Kadeem Allen', 'Kyrie Irving', 'Marcus Morris Sr.', 'Marcus Smart', 'Semi Ojeleye', 'Shane Larkin', 'Terry Rozier', 'Xavier Silas']"
14,1610612738,2018-19,"['Al Horford', 'Aron Baynes', 'Brad Wanamaker', 'Daniel Theis', 'Gordon Hayward', 'Greg Monroe', 'Guerschon Yabusele', 'Jaylen Brown', 'Jayson Tatum', 'Kyrie Irving', 'Marcus Morris Sr.', 'Marcus Smart', 'PJ Dozier', 'RJ Hunter', 'Robert Williams III', 'Semi Ojeleye', 'Terry Rozier']"
15,1610612738,2019-20,"['Brad Wanamaker', 'Carsen Edwards', 'Daniel Theis', 'Enes Kanter', 'Gordon Hayward', 'Grant Williams', 'Javonte Green', 'Jaylen Brown', 'Jayson Tatum', 'Kemba Walker', 'Marcus Smart', 'Robert Williams III', 'Romeo Langford', 'Semi Ojeleye', 'Tacko Fall', 'Tremont Waters', 'Vincent Poirier']"
16,1610612739,2012-13,"['Alonzo Gee', 'Anderson Varejao', 'CJ Miles', 'Chris Quinn', 'Daniel Gibson', 'Dion Waiters', 'Donald Sloan', 'Jeremy Pargo', 'Jon Leuer', 'Kevin Jones', 'Kyrie Irving', 'Luke Walton', 'Marreese Speights', 'Omri Casspi', 'Samardo Samuels', 'Shaun Livingston', 'Tristan Thompson', 'Tyler Zeller', 'Wayne Ellington']"
17,1610612739,2013-14,"['Alonzo Gee', 'Anderson Varejao', 'Andrew Bynum', 'Anthony Bennett', 'Arinze Onuaku', 'CJ Miles', 'Carrick Felix', 'Dion Waiters', 'Earl Clark', 'Henry Sims', 'Jarrett Jack', 'Kyrie Irving', 'Luol Deng', 'Matthew Dellavedova', 'Scotty Hopson', 'Sergey Karasev', 'Seth Curry', 'Shane Edwards', 'Spencer Hawes', 'Tristan Thompson', 'Tyler Zeller']"
18,1610612739,2014-15,"['AJ Price', 'Alex Kirk', 'Anderson Varejao', 'Brendan Haywood', 'Dion Waiters', 'Iman Shumpert', 'JR Smith', 'James Jones', 'Joe Harris', 'Kendrick Perkins', 'Kevin Love', 'Kyrie Irving', 'LeBron James', 'Lou Amundson', 'Matthew Dellavedova', 'Mike Miller', 'Shawn Marion', 'Timofey Mozgov', 'Tristan Thompson', 'Will Cherry']"
19,1610612739,2015-16,"['Anderson Varejao', 'Channing Frye', 'Dahntay Jones', 'Iman Shumpert', 'JR Smith', 'James Jones', 'Jared Cunningham', 'Joe Harris', 'Jordan McRae', 'Kevin Love', 'Kyrie Irving', 'LeBron James', 'Matthew Dellavedova', 'Mo Williams', 'Richard Jefferson', 'Sasha Kaun', 'Timofey Mozgov', 'Tristan Thompson']"
20,1610612739,2016-17,"['Andrew Bogut', 'Channing Frye', 'Chris Andersen', 'Dahntay Jones', 'DeAndre Liggins', 'Deron Williams', 'Derrick Williams', 'Edy Tavares', 'Iman Shumpert', 'JR Smith', 'James Jones', 'Jordan McRae', 'Kay Felder', 'Kevin Love', 'Kyle Korver', 'Kyrie Irving', 'Larry Sanders', 'LeBron James', 'Mike Dunleavy', 'Richard Jefferson', 'Tristan Thompson']"
21,1610612739,2017-18,"['Ante Zizic', 'Cedi Osman', 'Channing Frye', 'Derrick Rose', 'Dwyane Wade', 'George Hill', 'Iman Shumpert', 'Isaiah Thomas', 'JR Smith', 'Jae Crowder', 'Jeff Green', 'John Holland', 'Jordan Clarkson', 'Jose Calderon', 'Kendrick Perkins', 'Kevin Love', 'Kyle Korver', 'Larry Nance Jr.', 'LeBron James', 'London Perrantes', 'Rodney Hood', 'Tristan Thompson']"
22,1610612739,2018-19,"['Alec Burks', 'Andrew Harrison', 'Ante Zizic', 'Brandon Knight', 'Cameron Payne', 'Cedi Osman', 'Channing Frye', 'Collin Sexton', 'David Nwaba', 'Deng Adel', 'George Hill', 'JR Smith', 'Jalen Jones', 'Jaron Blossomgame', 'John Holland', 'Jordan Clarkson', 'Kevin Love', 'Kobi Simmons', 'Kyle Korver', 'Larry Nance Jr.', 'Marquese Chriss', 'Matthew Dellavedova', 'Nik Stauskas', 'Patrick McCaw', 'Rodney Hood', 'Sam Dekker', 'Tristan Thompson']"
23,1610612739,2019-20,"['Alfonzo McKinnie', 'Andre Drummond', 'Ante Zizic', 'Brandon Knight', 'Cedi Osman', 'Collin Sexton', 'Dante Exum', 'Darius Garland', 'Dean Wade', 'J.P. Macura', 'John Henson', 'Jordan Clarkson', 'Kevin Love', 'Kevin Porter Jr.', 'Larry Nance Jr.', 'Malik Newman', 'Marques Bolden', 'Matt Mooney', 'Matthew Dellavedova', 'Tristan Thompson', 'Tyler Cook']"
24,1610612740,2012-13,"['Al-Farouq Aminu', 'Anthony Davis', 'Austin Rivers', 'Brian Roberts', 'Darius Miller', 'Dominic McGuire', 'Donald Sloan', 'Eric Gordon', 'Greivis Vasquez', 'Hakim Warrick', 'Henry Sims', 'Jason Smith', 'Lance Thomas', 'Lou Amundson', 'Robin Lopez', 'Roger Mason Jr.', 'Ryan Anderson', 'Terrel Harris', 'Xavier Henry']"
25,1610612740,2013-14,"['Al-Farouq Aminu', 'Alexis Ajinca', 'Anthony Davis', 'Anthony Morrow', 'Arinze Onuaku', 'Austin Rivers', 'Brian Roberts', 'Darius Miller', 'Eric Gordon', 'Greg Stiemsma', 'James Southerland', 'Jason Smith', 'Jeff Withey', 'Josh Childress', 'Jrue Holiday', 'Lance Thomas', 'Lou Amundson', 'Luke Babbitt', 'Melvin Ely', 'Ryan Anderson', 'Tyreke Evans']"
26,1610612740,2014-15,"['Alexis Ajinca', 'Anthony Davis', 'Austin Rivers', 'Dante Cunningham', 'Darius Miller', 'Elliot Williams', 'Eric Gordon', 'Gal Mekel', 'Jeff Withey', 'Jimmer Fredette', 'John Salmons', 'Jrue Holiday', 'Luke Babbitt', 'Nate Wolters', 'Norris Cole', 'Omer Asik', 'Quincy Pondexter', 'Russ Smith', 'Ryan Anderson', 'Toney Douglas', 'Tyreke Evans']"
27,1610612740,2015-16,"['Alexis Ajinca', 'Alonzo Gee', 'Anthony Davis', 'Bryce Dejean-Jones', 'Dante Cunningham', 'Eric Gordon', 'Ish Smith', 'James Ennis III', 'Jimmer Fredette', 'Jordan Hamilton', 'Jrue Holiday', 'Kendrick Perkins', 'Luke Babbitt', 'Nate Robinson', 'Norris Cole', 'Omer Asik', 'Orlando Johnson', 'Ryan Anderson', 'Tim Frazier', 'Toney Douglas', 'Tyreke Evans']"
28,1610612740,2016-17,"['Alexis Ajinca', 'Anthony Brown', 'Anthony Davis', 'Archie Goodwin', 'Axel Toupane', 'Buddy Hield', 'Cheick Diallo', 'Dante Cunningham', 'DeMarcus Cousins', 'Donatas Motiejunas', ""E'Twaun Moore"", 'Hollis Thompson', 'Jarrett Jack', 'Jordan Crawford', 'Jrue Holiday', 'Lance Stephenson', 'Langston Galloway', 'Omer Asik', 'Omri Casspi', 'Quinn Cook', 'Reggie Williams', 'Solomon Hill', 'Terrence Jones', 'Tim Frazier', 'Tyreke Evans', 'Wayne Selden']"
29,1610612740,2017-18,"['Anthony Davis', 'Charles Cooke', 'Cheick Diallo', 'Dante Cunningham', 'Darius Miller', 'DeAndre Liggins', 'DeMarcus Cousins', ""E'Twaun Moore"", 'Emeka Okafor', 'Ian Clark', 'Jalen Jones', 'Jameer Nelson', 'Jordan Crawford', 'Josh Smith', 'Jrue Holiday', 'Larry Drew II', 'Mike James', 'Nikola Mirotic', 'Omer Asik', 'Rajon Rondo', 'Solomon Hill', 'Tony Allen', 'Walt Lemon Jr.']"
30,1610612740,2018-19,"['Andrew Harrison', 'Anthony Davis', 'Cheick Diallo', 'Christian Wood', 'Dairis Bertans', 'Darius Miller', ""E'Twaun Moore"", 'Elfrid Payton', 'Frank Jackson', 'Ian Clark', 'Jahlil Okafor', 'Jason Smith', 'Jrue Holiday', 'Julius Randle', 'Kenrich Williams', 'Nikola Mirotic', 'Solomon Hill', 'Stanley Johnson', 'Tim Frazier', 'Wesley Johnson']"
31,1610612740,2019-20,"['Brandon Ingram', 'Derrick Favors', ""E'Twaun Moore"", 'Frank Jackson', 'JJ Redick', 'Jahlil Okafor', 'Jaxson Hayes', 'Josh Gray', 'Josh Hart', 'Jrue Holiday', 'Kenrich Williams', 'Lonzo Ball', 'Nickeil Alexander-Walker', 'Nicolo Melli', 'Zion Williamson', 'Zylan Cheatham']"
32,1610612741,2012-13,"['Carlos Boozer', 'Daequan Cook', 'Jimmy Butler', 'Joakim Noah', 'Kirk Hinrich', 'Lou Amundson', 'Luol Deng', 'Malcolm Thomas', 'Marco Belinelli', 'Marquis Teague', 'Nate Robinson', 'Nazr Mohammed', 'Richard Hamilton', 'Taj Gibson', 'Vladimir Radmanovic']"
33,1610612741,2013-14,"['Carlos Boozer', 'Cartier Martin', 'D.J. Augustin', 'Derrick Rose', 'Erik Murphy', 'Jarvis Varnado', 'Jimmer Fredette', 'Jimmy Butler', 'Joakim Noah', 'Kirk Hinrich', 'Lou Amundson', 'Luol Deng', 'Marquis Teague', 'Mike Dunleavy', 'Mike James', 'Nazr Mohammed', 'Ronnie Brewer', 'Taj Gibson', 'Tony Snell', 'Tornike Shengelia']"
34,1610612741,2014-15,"['Aaron Brooks', 'Cameron Bairstow', 'Derrick Rose', 'Doug McDermott', ""E'Twaun Moore"", 'Jimmy Butler', 'Joakim Noah', 'Kirk Hinrich', 'Mike Dunleavy', 'Nazr Mohammed', 'Nikola Mirotic', 'Pau Gasol', 'Taj Gibson', 'Tony Snell']"
35,1610612741,2015-16,"['Aaron Brooks', 'Bobby Portis', 'Cameron Bairstow', 'Cristiano Felicio', 'Derrick Rose', 'Doug McDermott', ""E'Twaun Moore"", 'Jimmy Butler', 'Joakim Noah', 'Justin Holiday', 'Kirk Hinrich', 'Mike Dunleavy', 'Nikola Mirotic', 'Pau Gasol', 'Taj Gibson', 'Tony Snell']"
36,1610612741,2016-17,"['Anthony Morrow', 'Bobby Portis', 'Cameron Payne', 'Cristiano Felicio', 'Denzel Valentine', 'Doug McDermott', 'Dwyane Wade', 'Isaiah Canaan', 'Jerian Grant', 'Jimmy Butler', 'Joffrey Lauvergne', 'Michael Carter-Williams', 'Nikola Mirotic', 'Paul Zipser', 'RJ Hunter', 'Rajon Rondo', 'Robin Lopez', 'Taj Gibson']"
37,1610612741,2017-18,"['Antonio Blakeney', 'Bobby Portis', 'Cameron Payne', 'Cristiano Felicio', 'David Nwaba', 'Denzel Valentine', 'Jarell Eddie', 'Jerian Grant', 'Justin Holiday', 'Kay Felder', 'Kris Dunn', 'Lauri Markkanen', 'Nikola Mirotic', 'Noah Vonleh', 'Omer Asik', 'Paul Zipser', 'Quincy Pondexter', 'Robin Lopez', 'Ryan Arcidiacono', 'Sean Kilpatrick', 'Zach LaVine']"
38,1610612741,2018-19,"['Antonio Blakeney', 'Bobby Portis', 'Brandon Sampson', 'Cameron Payne', 'Chandler Hutchison', 'Cristiano Felicio', 'JaKarr Sampson', 'Jabari Parker', 'Justin Holiday', 'Kris Dunn', 'Lauri Markkanen', 'Otto Porter Jr.', 'Rawle Alkins', 'Robin Lopez', 'Ryan Arcidiacono', 'Shaquille Harrison', 'Timothe Luwawu-Cabarrot', 'Tyler Ulis', 'Walt Lemon Jr.', 'Wayne Selden', 'Wendell Carter Jr.', 'Zach LaVine']"
39,1610612741,2019-20,"['Adam Mokoka', 'Chandler Hutchison', 'Coby White', 'Cristiano Felicio', 'Daniel Gafford', 'Denzel Valentine', 'Kris Dunn', 'Lauri Markkanen', 'Luke Kornet', 'Max Strus', 'Otto Porter Jr.', 'Ryan Arcidiacono', 'Shaquille Harrison', 'Thaddeus Young', 'Tomas Satoransky', 'Wendell Carter Jr.', 'Zach LaVine']"
40,1610612742,2012-13,"['Anthony Morrow', 'Bernard James', 'Brandan Wright', 'Chris Douglas-Roberts', 'Chris Kaman', 'Chris Wright', 'Dahntay Jones', 'Darren Collison', 'Derek Fisher', 'Dirk Nowitzki', 'Dominique Jones', 'Eddy Curry', 'Elton Brand', 'Jae Crowder', 'Jared Cunningham', 'Josh Akognon', 'Justin Dentmon', 'Mike James', 'O.J. Mayo', 'Rodrigue Beaubois', 'Shawn Marion', 'Troy Murphy', 'Vince Carter']"
41,1610612742,2013-14,"['Bernard James', 'Brandan Wright', 'DeJuan Blair', 'Devin Harris', 'Dirk Nowitzki', 'Gal Mekel', 'Jae Crowder', 'Jose Calderon', 'Monta Ellis', 'Ricky Ledo', 'Samuel Dalembert', 'Shane Larkin', 'Shawn Marion', 'Vince Carter', 'Wayne Ellington']"
42,1610612742,2014-15,"['Al-Farouq Aminu', ""Amar'e Stoudemire"", 'Bernard James', 'Brandan Wright', 'Chandler Parsons', 'Charlie Villanueva', 'Devin Harris', 'Dirk Nowitzki', 'Dwight Powell', 'Greg Smith', 'J.J. Barea', 'Jae Crowder', 'Jameer Nelson', 'Monta Ellis', 'Rajon Rondo', 'Raymond Felton', 'Richard Jefferson', 'Ricky Ledo', 'Tyson Chandler']"
43,1610612742,2015-16,"['Chandler Parsons', 'Charlie Villanueva', 'David Lee', 'Deron Williams', 'Devin Harris', 'Dirk Nowitzki', 'Dwight Powell', 'J.J. Barea', 'JaVale McGee', 'Jeremy Evans', 'John Jenkins', 'Justin Anderson', 'Raymond Felton', 'Salah Mejri', 'Wesley Matthews', 'Zaza Pachulia']"
44,1610612742,2016-17,"['AJ Hammons', 'Andrew Bogut', 'Ben Bentil', 'DeAndre Liggins', 'Deron Williams', 'Devin Harris', 'Dirk Nowitzki', 'Dorian Finney-Smith', 'Dwight Powell', 'Harrison Barnes', 'J.J. Barea', 'Jarrod Uthoff', 'Jonathan Gibson', 'Justin Anderson', 'Manny Harris', 'Nerlens Noel', 'Nicolas Brussino', 'Pierre Jackson', 'Quincy Acy', 'Quinn Cook', 'Salah Mejri', 'Seth Curry', 'Wesley Matthews', 'Yogi Ferrell']"
45,1610612742,2017-18,"['Aaron Harrison', 'Antonius Cleveland', 'Dennis Smith Jr.', 'Devin Harris', 'Dirk Nowitzki', 'Dorian Finney-Smith', 'Doug McDermott', 'Dwight Powell', 'Gian Clavell', 'Harrison Barnes', 'J.J. Barea', 'Jalen Jones', 'Jameel Warney', 'Jeff Withey', 'Johnathan Motley', 'Josh McRoberts', 'Kyle Collinsworth', 'Maxi Kleber', 'Nerlens Noel', 'Salah Mejri', 'Scotty Hopson', 'Wesley Matthews', 'Yogi Ferrell']"
46,1610612742,2018-19,"['Courtney Lee', 'Daryl Macon', 'DeAndre Jordan', 'Dennis Smith Jr.', 'Devin Harris', 'Dirk Nowitzki', 'Dorian Finney-Smith', 'Dwight Powell', 'Harrison Barnes', 'J.J. Barea', 'Jalen Brunson', 'Justin Jackson', 'Kostas Antetokounmpo', 'Luka Doncic', 'Maxi Kleber', 'Ray Spalding', 'Ryan Broekhoff', 'Salah Mejri', 'Tim Hardaway Jr.', 'Trey Burke', 'Wesley Matthews']"
47,1610612742,2019-20,"['Antonius Cleveland', 'Boban Marjanovic', 'Courtney Lee', 'Delon Wright', 'Dorian Finney-Smith', 'Dwight Powell', 'J.J. Barea', 'Jalen Brunson', 'Josh Reaves', 'Justin Jackson', 'Kristaps Porzingis', 'Luka Doncic', 'Maxi Kleber', 'Michael Kidd-Gilchrist', 'Ryan Broekhoff', 'Seth Curry', 'Tim Hardaway Jr.', 'Willie Cauley-Stein']"
48,1610612743,2012-13,"['Andre Iguodala', 'Andre Miller', 'Anthony Randolph', 'Corey Brewer', 'Danilo Gallinari', 'Evan Fournier', 'JaVale McGee', 'Jordan Hamilton', 'Julyan Stone', 'Kenneth Faried', 'Kosta Koufos', 'Quincy Miller', 'Timofey Mozgov', 'Ty Lawson', 'Wilson Chandler']"
49,1610612743,2013-14,"['Aaron Brooks', 'Andre Miller', 'Anthony Randolph', 'Darrell Arthur', 'Evan Fournier', 'JJ Hickson', 'JaVale McGee', 'Jan Vesely', 'Jordan Hamilton', 'Kenneth Faried', 'Nate Robinson', 'Quincy Miller', 'Randy Foye', 'Timofey Mozgov', 'Ty Lawson', 'Wilson Chandler']"
50,1610612743,2014-15,"['Alonzo Gee', 'Arron Afflalo', 'Danilo Gallinari', 'Darrell Arthur', 'Erick Green', 'Gary Harris', 'Ian Clark', 'JJ Hickson', 'JaVale McGee', 'Jamaal Franklin', 'Jameer Nelson', 'Joffrey Lauvergne', 'Jusuf Nurkic', 'Kenneth Faried', 'Nate Robinson', 'Randy Foye', 'Timofey Mozgov', 'Ty Lawson', 'Will Barton', 'Wilson Chandler']"
51,1610612743,2015-16,"['Axel Toupane', 'D.J. Augustin', 'Danilo Gallinari', 'Darrell Arthur', 'Emmanuel Mudiay', 'Erick Green', 'Gary Harris', 'JJ Hickson', 'JaKarr Sampson', 'Jameer Nelson', 'Joffrey Lauvergne', 'Jusuf Nurkic', 'Kenneth Faried', 'Kostas Papanikolaou', 'Mike Miller', 'Nikola Jokic', 'Randy Foye', 'Sean Kilpatrick', 'Will Barton']"
52,1610612743,2016-17,"['Alonzo Gee', 'Danilo Gallinari', 'Darrell Arthur', 'Emmanuel Mudiay', 'Gary Harris', 'Jamal Murray', 'Jameer Nelson', 'Jarnell Stokes', ""Johnny O'Bryant III"", 'Juancho Hernangomez', 'Jusuf Nurkic', 'Kenneth Faried', 'Malik Beasley', 'Mason Plumlee', 'Mike Miller', 'Nikola Jokic', 'Roy Hibbert', 'Will Barton', 'Wilson Chandler']"
53,1610612743,2017-18,"['Darrell Arthur', 'Devin Harris', 'Emmanuel Mudiay', 'Gary Harris', 'Jamal Murray', 'Juancho Hernangomez', 'Kenneth Faried', 'Malik Beasley', 'Mason Plumlee', 'Monte Morris', 'Nikola Jokic', 'Paul Millsap', 'Richard Jefferson', 'Torrey Craig', 'Trey Lyles', 'Tyler Lydon', 'Will Barton', 'Wilson Chandler']"
54,1610612743,2018-19,"['Brandon Goodwin', 'DeVaughn Akoon-Purcell', 'Gary Harris', 'Isaiah Thomas', 'Jamal Murray', 'Jarred Vanderbilt', 'Juancho Hernangomez', 'Malik Beasley', 'Mason Plumlee', 'Monte Morris', 'Nick Young', 'Nikola Jokic', 'Paul Millsap', 'Thomas Welsh', 'Torrey Craig', 'Trey Lyles', 'Tyler Lydon', 'Will Barton']"
55,1610612743,2019-20,"['Gary Harris', 'Jamal Murray', 'Jarred Vanderbilt', 'Jerami Grant', 'Jordan McRae', 'Juancho Hernangomez', 'Keita Bates-Diop', 'Malik Beasley', 'Mason Plumlee', 'Michael Porter Jr.', 'Monte Morris', 'Nikola Jokic', 'Noah Vonleh', 'PJ Dozier', 'Paul Millsap', 'Torrey Craig', 'Troy Daniels', 'Vlatko Cancar', 'Will Barton']"
56,1610612744,2012-13,"['Andrew Bogut', 'Andris Biedrins', 'Brandon Rush', 'Carl Landry', 'Charles Jenkins', 'David Lee', 'Draymond Green', 'Festus Ezeli', 'Harrison Barnes', 'Jarrett Jack', 'Jeremy Tyler', 'Kent Bazemore', 'Klay Thompson', 'Malcolm Thomas', 'Richard Jefferson', 'Stephen Curry']"
57,1610612744,2013-14,"['Andre Iguodala', 'Andrew Bogut', 'David Lee', 'Dewayne Dedmon', 'Draymond Green', 'Harrison Barnes', 'Hilton Armstrong', ""Jermaine O'Neal"", 'Jordan Crawford', 'Kent Bazemore', 'Klay Thompson', 'MarShon Brooks', 'Marreese Speights', 'Nemanja Nedovic', 'Ognjen Kuzmic', 'Stephen Curry', 'Steve Blake', 'Toney Douglas']"
58,1610612744,2014-15,"['Andre Iguodala', 'Andrew Bogut', 'Brandon Rush', 'David Lee', 'Draymond Green', 'Festus Ezeli', 'Harrison Barnes', 'James Michael McAdoo', 'Justin Holiday', 'Klay Thompson', 'Leandro Barbosa', 'Marreese Speights', 'Ognjen Kuzmic', 'Shaun Livingston', 'Stephen Curry']"
59,1610612744,2015-16,"['Anderson Varejao', 'Andre Iguodala', 'Andrew Bogut', 'Brandon Rush', 'Draymond Green', 'Festus Ezeli', 'Harrison Barnes', 'Ian Clark', 'James Michael McAdoo', 'Jason Thompson', 'Kevon Looney', 'Klay Thompson', 'Leandro Barbosa', 'Marreese Speights', 'Shaun Livingston', 'Stephen Curry']"
60,1610612744,2016-17,"['Anderson Varejao', 'Andre Iguodala', 'Briante Weber', 'Damian Jones', 'David West', 'Draymond Green', 'Ian Clark', 'JaVale McGee', 'James Michael McAdoo', 'Kevin Durant', 'Kevon Looney', 'Klay Thompson', 'Matt Barnes', 'Patrick McCaw', 'Shaun Livingston', 'Stephen Curry', 'Zaza Pachulia']"
61,1610612744,2017-18,"['Andre Iguodala', 'Chris Boucher', 'Damian Jones', 'David West', 'Draymond Green', 'JaVale McGee', 'Jordan Bell', 'Kevin Durant', 'Kevon Looney', 'Klay Thompson', 'Nick Young', 'Omri Casspi', 'Patrick McCaw', 'Quinn Cook', 'Shaun Livingston', 'Stephen Curry', 'Zaza Pachulia']"
62,1610612744,2018-19,"['Alfonzo McKinnie', 'Andre Iguodala', 'Andrew Bogut', 'Damian Jones', 'Damion Lee', 'DeMarcus Cousins', 'Draymond Green', 'Jacob Evans', 'Jonas Jerebko', 'Jordan Bell', 'Kevin Durant', 'Kevon Looney', 'Klay Thompson', 'Marcus Derrickson', 'Quinn Cook', 'Shaun Livingston', 'Stephen Curry']"
63,1610612744,2019-20,"['Alec Burks', 'Alen Smailagic', 'Andrew Wiggins', 'Chasson Randle', ""D'Angelo Russell"", 'Damion Lee', 'Dragan Bender', 'Draymond Green', 'Eric Paschall', 'Glenn Robinson III', 'Jacob Evans', 'Jeremy Pargo', 'Jordan Poole', 'Juan Toscano-Anderson', 'Kevon Looney', 'Ky Bowman', 'Marquese Chriss', 'Mychal Mulder', 'Omari Spellman', 'Stephen Curry', 'Willie Cauley-Stein', 'Zach Norvell Jr.']"
64,1610612745,2012-13,"['Aaron Brooks', 'Carlos Delfino', 'Chandler Parsons', 'Cole Aldrich', 'Daequan Cook', 'Donatas Motiejunas', 'Francisco Garcia', 'Greg Smith', 'James Anderson', 'James Harden', 'Jeremy Lin', 'Marcus Morris Sr.', 'Omer Asik', 'Patrick Beverley', 'Patrick Patterson', 'Scott Machado', 'Terrence Jones', 'Thomas Robinson', 'Tim Ohlbrecht', 'Toney Douglas']"
65,1610612745,2013-14,"['Aaron Brooks', 'Chandler Parsons', 'Donatas Motiejunas', 'Dwight Howard', 'Francisco Garcia', 'Greg Smith', 'Isaiah Canaan', 'James Harden', 'Jeremy Lin', 'Jordan Hamilton', 'Josh Powell', 'Omer Asik', 'Omri Casspi', 'Patrick Beverley', 'Robert Covington', 'Ronnie Brewer', 'Terrence Jones', 'Troy Daniels']"
66,1610612745,2014-15,"['Alexey Shved', 'Clint Capela', 'Corey Brewer', 'Donatas Motiejunas', 'Dwight Howard', 'Francisco Garcia', 'Isaiah Canaan', 'James Harden', 'Jason Terry', 'Joey Dorsey', 'Josh Smith', 'KJ McDaniels', 'Kostas Papanikolaou', 'Nick Johnson', 'Pablo Prigioni', 'Patrick Beverley', 'Tarik Black', 'Terrence Jones', 'Trevor Ariza', 'Troy Daniels']"
67,1610612745,2015-16,"['Andrew Goudelock', 'Chuck Hayes', 'Clint Capela', 'Corey Brewer', 'Donatas Motiejunas', 'Dwight Howard', 'James Harden', 'Jason Terry', 'Josh Smith', 'KJ McDaniels', 'Marcus Thornton', 'Michael Beasley', 'Montrezl Harrell', 'Patrick Beverley', 'Sam Dekker', 'Terrence Jones', 'Trevor Ariza', 'Ty Lawson']"
68,1610612745,2016-17,"['Bobby Brown', 'Chinanu Onuaku', 'Clint Capela', 'Corey Brewer', 'Eric Gordon', 'Isaiah Taylor', 'James Harden', 'KJ McDaniels', 'Kyle Wiltjer', 'Lou Williams', 'Montrezl Harrell', 'Nene', 'Patrick Beverley', 'Ryan Anderson', 'Sam Dekker', 'Trevor Ariza', 'Troy Williams', 'Tyler Ennis']"
69,1610612745,2017-18,"['Aaron Jackson', 'Bobby Brown', 'Brandan Wright', 'Briante Weber', 'Chinanu Onuaku', 'Chris Paul', 'Clint Capela', 'Demetrius Jackson', 'Eric Gordon', 'Gerald Green', 'Isaiah Canaan', 'James Harden', 'Joe Johnson', 'Luc Mbah a Moute', 'Markel Brown', 'Nene', 'P.J. Tucker', 'RJ Hunter', 'Ryan Anderson', 'Tarik Black', 'Tim Quarterman', 'Trevor Ariza', 'Troy Williams', 'Zhou Qi']"
70,1610612745,2018-19,"['Austin Rivers', 'Brandon Knight', 'Carmelo Anthony', 'Chris Chiozza', 'Chris Paul', 'Clint Capela', 'Danuel House Jr.', 'Eric Gordon', 'Gary Clark', 'Gerald Green', 'Iman Shumpert', 'Isaiah Hartenstein', 'James Ennis III', 'James Harden', 'James Nunnally', 'Kenneth Faried', 'Marquese Chriss', 'Michael Carter-Williams', 'Nene', 'P.J. Tucker', 'Terrence Jones', 'Vincent Edwards', 'Zhou Qi']"
71,1610612745,2019-20,"['Austin Rivers', 'Ben McLemore', 'Bruno Caboclo', 'Chris Clemons', 'Clint Capela', 'Danuel House Jr.', 'DeMarre Carroll', 'Eric Gordon', 'Gary Clark', 'Isaiah Hartenstein', 'James Harden', 'Jeff Green', 'Michael Frazier', 'P.J. Tucker', 'Robert Covington', 'Russell Westbrook', 'Ryan Anderson', 'Thabo Sefolosha', 'Tyson Chandler', 'William Howard']"
72,1610612746,2012-13,"['Blake Griffin', 'Caron Butler', 'Chauncey Billups', 'Chris Paul', 'DaJuan Summers', 'DeAndre Jordan', 'Eric Bledsoe', 'Grant Hill', 'Jamal Crawford', 'Lamar Odom', 'Maalik Wayns', 'Matt Barnes', 'Ronny Turiaf', 'Ryan Hollins', 'Willie Green']"
73,1610612746,2013-14,"['Antawn Jamison', 'Blake Griffin', 'Byron Mullens', 'Chris Paul', 'Danny Granger', 'Darius Morris', 'Darren Collison', 'DeAndre Jordan', 'Glen Davis', 'Hedo Turkoglu', 'JJ Redick', 'Jamal Crawford', 'Jared Dudley', 'Maalik Wayns', 'Matt Barnes', 'Reggie Bullock', 'Ryan Hollins', 'Sasha Vujacic', 'Stephen Jackson', 'Willie Green']"
74,1610612746,2014-15,"['Austin Rivers', 'Blake Griffin', 'C.J. Wilcox', 'Chris Douglas-Roberts', 'Chris Paul', 'Dahntay Jones', 'DeAndre Jordan', 'Ekpe Udoh', 'Glen Davis', 'Hedo Turkoglu', 'JJ Redick', 'Jamal Crawford', 'Jared Cunningham', 'Jordan Farmar', 'Jordan Hamilton', 'Lester Hudson', 'Matt Barnes', 'Nate Robinson', 'Reggie Bullock', 'Spencer Hawes']"
75,1610612746,2015-16,"['Alex Stepheson', 'Austin Rivers', 'Blake Griffin', 'Branden Dawson', 'C.J. Wilcox', 'Chris Paul', 'Cole Aldrich', 'DeAndre Jordan', 'JJ Redick', 'Jamal Crawford', 'Jeff Ayres', 'Jeff Green', 'Josh Smith', 'Lance Stephenson', 'Luc Mbah a Moute', 'Pablo Prigioni', 'Paul Pierce', 'Wesley Johnson']"
76,1610612746,2016-17,"['Alan Anderson', 'Austin Rivers', 'Blake Griffin', 'Brandon Bass', 'Brice Johnson', 'Chris Paul', 'DeAndre Jordan', 'Diamond Stone', 'JJ Redick', 'Jamal Crawford', 'Luc Mbah a Moute', 'Marreese Speights', 'Paul Pierce', 'Raymond Felton', 'Wesley Johnson']"
77,1610612746,2017-18,"['Austin Rivers', 'Avery Bradley', 'Blake Griffin', 'Boban Marjanovic', 'Brice Johnson', 'C.J. Williams', 'Danilo Gallinari', 'DeAndre Jordan', 'Jamil Wilson', 'Jawun Evans', 'Lou Williams', 'Milos Teodosic', 'Montrezl Harrell', 'Patrick Beverley', 'Sam Dekker', 'Sean Kilpatrick', 'Sindarius Thornwell', 'Tobias Harris', 'Tyrone Wallace', 'Wesley Johnson', 'Willie Reed']"
78,1610612746,2018-19,"['Angel Delgado', 'Avery Bradley', 'Boban Marjanovic', 'Danilo Gallinari', 'Garrett Temple', 'Ivica Zubac', 'JaMychal Green', 'Jerome Robinson', 'Johnathan Motley', 'Landry Shamet', 'Lou Williams', 'Luc Mbah a Moute', 'Marcin Gortat', 'Mike Scott', 'Milos Teodosic', 'Montrezl Harrell', 'Patrick Beverley', 'Shai Gilgeous-Alexander', 'Sindarius Thornwell', 'Tobias Harris', 'Tyrone Wallace', 'Wilson Chandler']"
79,1610612746,2019-20,"['Amir Coffey', 'Derrick Walton Jr.', 'Ivica Zubac', 'JaMychal Green', 'Jerome Robinson', 'Johnathan Motley', 'Kawhi Leonard', 'Landry Shamet', 'Lou Williams', 'Marcus Morris Sr.', 'Maurice Harkless', 'Mfiondu Kabengele', 'Montrezl Harrell', 'Patrick Beverley', 'Patrick Patterson', 'Paul George', 'Reggie Jackson', 'Rodney McGruder', 'Terance Mann']"
80,1610612747,2012-13,"['Andrew Goudelock', 'Antawn Jamison', 'Chris Duhon', 'Darius Johnson-Odom', 'Darius Morris', 'Devin Ebanks', 'Dwight Howard', 'Earl Clark', 'Jodie Meeks', 'Jordan Hill', 'Kobe Bryant', 'Metta World Peace', 'Pau Gasol', 'Robert Sacre', 'Steve Blake', 'Steve Nash']"
81,1610612747,2013-14,"['Chris Kaman', 'Elias Harris', 'Jodie Meeks', 'Jordan Farmar', 'Jordan Hill', 'Kendall Marshall', 'Kent Bazemore', 'Kobe Bryant', 'Manny Harris', 'MarShon Brooks', 'Nick Young', 'Pau Gasol', 'Robert Sacre', 'Ryan Kelly', 'Shawne Williams', 'Steve Blake', 'Steve Nash', 'Wesley Johnson', 'Xavier Henry']"
82,1610612747,2014-15,"['Carlos Boozer', 'Dwight Buycks', 'Ed Davis', 'Jabari Brown', 'Jeremy Lin', 'Jordan Clarkson', 'Jordan Hill', 'Julius Randle', 'Kobe Bryant', 'Nick Young', 'Robert Sacre', 'Ronnie Price', 'Ryan Kelly', 'Tarik Black', 'Vander Blue', 'Wayne Ellington', 'Wesley Johnson', 'Xavier Henry']"
83,1610612747,2015-16,"['Anthony Brown', 'Brandon Bass', ""D'Angelo Russell"", 'Jordan Clarkson', 'Julius Randle', 'Kobe Bryant', 'Larry Nance Jr.', 'Lou Williams', 'Marcelo Huertas', 'Metta World Peace', 'Nick Young', 'Robert Sacre', 'Roy Hibbert', 'Ryan Kelly', 'Tarik Black']"
84,1610612747,2016-17,"['Brandon Ingram', 'Corey Brewer', ""D'Angelo Russell"", 'David Nwaba', 'Ivica Zubac', 'Jordan Clarkson', 'Jose Calderon', 'Julius Randle', 'Larry Nance Jr.', 'Lou Williams', 'Luol Deng', 'Marcelo Huertas', 'Metta World Peace', 'Nick Young', 'Tarik Black', 'Thomas Robinson', 'Timofey Mozgov', 'Tyler Ennis']"
85,1610612747,2017-18,"['Alex Caruso', 'Andre Ingram', 'Andrew Bogut', 'Brandon Ingram', 'Brook Lopez', 'Channing Frye', 'Corey Brewer', 'Derrick Williams', 'Gary Payton II', 'Isaiah Thomas', 'Ivica Zubac', 'Jordan Clarkson', 'Josh Hart', 'Julius Randle', 'Kentavious Caldwell-Pope', 'Kyle Kuzma', 'Larry Nance Jr.', 'Lonzo Ball', 'Luol Deng', 'Nigel Hayes', 'Thomas Bryant', 'Travis Wear', 'Tyler Ennis', 'Vander Blue']"
86,1610612747,2018-19,"['Alex Caruso', 'Andre Ingram', 'Brandon Ingram', 'Isaac Bonga', 'Ivica Zubac', 'JaVale McGee', 'Jemerrio Jones', 'Johnathan Williams', 'Josh Hart', 'Kentavious Caldwell-Pope', 'Kyle Kuzma', 'Lance Stephenson', 'LeBron James', 'Lonzo Ball', 'Michael Beasley', 'Mike Muscala', 'Moritz Wagner', 'Rajon Rondo', 'Reggie Bullock', 'Scott Machado', 'Svi Mykhailiuk', 'Tyson Chandler']"
87,1610612747,2019-20,"['Alex Caruso', 'Anthony Davis', 'Avery Bradley', 'Danny Green', 'Dwight Howard', 'JaVale McGee', 'Jared Dudley', 'Kentavious Caldwell-Pope', 'Kostas Antetokounmpo', 'Kyle Kuzma', 'LeBron James', 'Markieff Morris', 'Quinn Cook', 'Rajon Rondo', 'Talen Horton-Tucker', 'Troy Daniels', 'Zach Norvell Jr.']"
88,1610612748,2012-13,"['Chris Andersen', 'Chris Bosh', 'Dexter Pittman', 'Dwyane Wade', 'James Jones', 'Jarvis Varnado', 'Joel Anthony', 'Josh Harrellson', 'Juwan Howard', 'LeBron James', 'Mario Chalmers', 'Mike Miller', 'Norris Cole', 'Rashard Lewis', 'Ray Allen', 'Shane Battier', 'Terrel Harris', 'Udonis Haslem']"
89,1610612748,2013-14,"['Chris Andersen', 'Chris Bosh', 'DeAndre Liggins', 'Dwyane Wade', 'Greg Oden', 'James Jones', 'Joel Anthony', 'Justin Hamilton', 'LeBron James', 'Mario Chalmers', 'Michael Beasley', 'Norris Cole', 'Rashard Lewis', 'Ray Allen', 'Roger Mason Jr.', 'Shane Battier', 'Toney Douglas', 'Udonis Haslem']"
90,1610612748,2014-15,"['Andre Dawkins', 'Chris Andersen', 'Chris Bosh', 'Danny Granger', 'Dwyane Wade', 'Goran Dragic', 'Hassan Whiteside', 'Henry Walker', 'James Ennis III', 'Josh McRoberts', 'Justin Hamilton', 'Luol Deng', 'Mario Chalmers', 'Michael Beasley', 'Norris Cole', 'Shabazz Napier', 'Shannon Brown', 'Shawne Williams', 'Tyler Johnson', 'Udonis Haslem', 'Zoran Dragic']"
91,1610612748,2015-16,"[""Amar'e Stoudemire"", 'Beno Udrih', 'Briante Weber', 'Chris Andersen', 'Chris Bosh', 'Dwyane Wade', 'Gerald Green', 'Goran Dragic', 'Hassan Whiteside', 'James Ennis III', 'Jarnell Stokes', 'Joe Johnson', 'Josh McRoberts', 'Josh Richardson', 'Justise Winslow', 'Luol Deng', 'Mario Chalmers', 'Tyler Johnson', 'Udonis Haslem']"
92,1610612748,2016-17,"['Derrick Williams', 'Dion Waiters', 'Goran Dragic', 'Hassan Whiteside', 'James Johnson', 'Josh McRoberts', 'Josh Richardson', 'Justise Winslow', 'Luke Babbitt', 'Okaro White', 'Rodney McGruder', 'Tyler Johnson', 'Udonis Haslem', 'Wayne Ellington', 'Willie Reed']"
93,1610612748,2017-18,"['Bam Adebayo', 'Derrick Jones Jr.', 'Derrick Walton Jr.', 'Dion Waiters', 'Dwyane Wade', 'Goran Dragic', 'Hassan Whiteside', 'James Johnson', 'Jordan Mickey', 'Josh Richardson', 'Justise Winslow', 'Kelly Olynyk', 'Luke Babbitt', 'Matt Williams Jr.', 'Okaro White', 'Rodney McGruder', 'Tyler Johnson', 'Udonis Haslem', 'Wayne Ellington']"
94,1610612748,2018-19,"['Bam Adebayo', 'Derrick Jones Jr.', 'Dion Waiters', 'Duncan Robinson', 'Dwyane Wade', 'Emanuel Terry', 'Goran Dragic', 'Hassan Whiteside', 'James Johnson', 'Josh Richardson', 'Justise Winslow', 'Kelly Olynyk', 'Rodney McGruder', 'Ryan Anderson', 'Tyler Johnson', 'Udonis Haslem', 'Wayne Ellington', 'Yante Maten']"
95,1610612748,2019-20,"['Andre Iguodala', 'Bam Adebayo', 'Chris Silva', 'Daryl Macon', 'Derrick Jones Jr.', 'Dion Waiters', 'Duncan Robinson', 'Gabe Vincent', 'Goran Dragic', 'Jae Crowder', 'James Johnson', 'Jimmy Butler', 'Justise Winslow', 'KZ Okpala', 'Kelly Olynyk', 'Kendrick Nunn', 'Meyers Leonard', 'Solomon Hill', 'Tyler Herro', 'Udonis Haslem']"
96,1610612749,2012-13,"['Beno Udrih', 'Brandon Jennings', 'Doron Lamb', 'Drew Gooden', 'Ekpe Udoh', 'Ersan Ilyasova', 'Gustavo Ayon', 'Ish Smith', 'JJ Redick', 'Joel Przybilla', 'John Henson', 'Larry Sanders', 'Luc Mbah a Moute', 'Marquis Daniels', 'Mike Dunleavy', 'Monta Ellis', 'Samuel Dalembert', 'Tobias Harris']"
97,1610612749,2013-14,"['Brandon Knight', 'Caron Butler', 'Chris Wright', 'DJ Stephens', 'Ekpe Udoh', 'Ersan Ilyasova', 'Gary Neal', 'Giannis Antetokounmpo', 'Jeff Adrien', 'John Henson', 'Khris Middleton', 'Larry Sanders', 'Luke Ridnour', 'Miroslav Raduljica', 'Nate Wolters', 'O.J. Mayo', 'Ramon Sessions', 'Tony Mitchell', 'Zaza Pachulia']"
98,1610612749,2014-15,"['Brandon Knight', 'Chris Johnson', 'Ersan Ilyasova', 'Giannis Antetokounmpo', 'Jabari Parker', 'Jared Dudley', 'Jerryd Bayless', 'John Henson', ""Johnny O'Bryant III"", 'Jorge Gutierrez', 'Kendall Marshall', 'Kenyon Martin', 'Khris Middleton', 'Larry Sanders', 'Michael Carter-Williams', 'Miles Plumlee', 'Nate Wolters', 'O.J. Mayo', 'Tyler Ennis', 'Zaza Pachulia']"
99,1610612749,2015-16,"['Chris Copeland', 'Damien Inglis', 'Giannis Antetokounmpo', 'Greg Monroe', 'Greivis Vasquez', 'Jabari Parker', 'Jared Cunningham', 'Jerryd Bayless', 'John Henson', ""Johnny O'Bryant III"", 'Khris Middleton', 'Michael Carter-Williams', 'Miles Plumlee', 'O.J. Mayo', 'Rashad Vaughn', 'Steve Novak', 'Tyler Ennis']"
100,1610612749,2016-17,"['Axel Toupane', 'Gary Payton II', 'Giannis Antetokounmpo', 'Greg Monroe', 'Jabari Parker', 'Jason Terry', 'John Henson', 'Khris Middleton', 'Malcolm Brogdon', 'Matthew Dellavedova', 'Michael Beasley', 'Miles Plumlee', 'Mirza Teletovic', 'Rashad Vaughn', 'Spencer Hawes', 'Steve Novak', 'Terrence Jones', 'Thon Maker', 'Tony Snell']"
101,1610612749,2017-18,"['Brandon Jennings', 'D.J. Wilson', 'DeAndre Liggins', 'Eric Bledsoe', 'Gary Payton II', 'Giannis Antetokounmpo', 'Greg Monroe', 'Jabari Parker', 'Jason Terry', 'Joel Bolomboy', 'John Henson', 'Khris Middleton', 'Malcolm Brogdon', 'Marshall Plumlee', 'Matthew Dellavedova', 'Mirza Teletovic', 'Rashad Vaughn', 'Sean Kilpatrick', 'Shabazz Muhammad', 'Sterling Brown', 'Thon Maker', 'Tony Snell', 'Tyler Zeller', 'Xavier Munford']"
102,1610612749,2018-19,"['Bonzie Colson', 'Brook Lopez', 'Christian Wood', 'D.J. Wilson', 'Donte DiVincenzo', 'Eric Bledsoe', 'Ersan Ilyasova', 'George Hill', 'Giannis Antetokounmpo', 'Isaiah Canaan', 'Jason Smith', 'Jaylen Morris', 'John Henson', 'Khris Middleton', 'Malcolm Brogdon', 'Matthew Dellavedova', 'Nikola Mirotic', 'Pat Connaughton', 'Pau Gasol', 'Sterling Brown', 'Thon Maker', 'Tim Frazier', 'Tony Snell', 'Trevon Duval']"
103,1610612749,2019-20,"['Brook Lopez', 'D.J. Wilson', 'Donte DiVincenzo', 'Dragan Bender', 'Eric Bledsoe', 'Ersan Ilyasova', 'Frank Mason', 'George Hill', 'Giannis Antetokounmpo', 'Khris Middleton', 'Kyle Korver', 'Marvin Williams', 'Pat Connaughton', 'Robin Lopez', 'Sterling Brown', 'Thanasis Antetokounmpo', 'Wesley Matthews']"
104,1610612750,2012-13,"['Alexey Shved', 'Andrei Kirilenko', 'Brandon Roy', 'Chase Budinger', 'Chris Johnson', 'Dante Cunningham', 'Derrick Williams', 'Greg Stiemsma', 'J.J. Barea', 'Josh Howard', 'Kevin Love', 'Lazar Hayward', 'Lou Amundson', 'Luke Ridnour', 'Malcolm Lee', 'Mickael Gelabale', 'Nikola Pekovic', 'Ricky Rubio', 'Will Conroy']"
105,1610612750,2013-14,"['AJ Price', 'Alexey Shved', 'Chase Budinger', 'Corey Brewer', 'Dante Cunningham', 'Derrick Williams', 'Gorgui Dieng', 'J.J. Barea', 'Kevin Love', 'Kevin Martin', 'Luc Mbah a Moute', 'Nikola Pekovic', 'Othyus Jeffers', 'Ricky Rubio', 'Robbie Hummel', 'Ronny Turiaf', 'Shabazz Muhammad']"
106,1610612750,2014-15,"['Adreian Payne', 'Andrew Wiggins', 'Anthony Bennett', 'Arinze Onuaku', 'Chase Budinger', 'Corey Brewer', 'Gary Neal', 'Glenn Robinson III', 'Gorgui Dieng', 'Jeff Adrien', 'Justin Hamilton', 'Kevin Garnett', 'Kevin Martin', 'Lorenzo Brown', 'Miroslav Raduljica', 'Mo Williams', 'Nikola Pekovic', 'Ricky Rubio', 'Robbie Hummel', 'Ronny Turiaf', 'Sean Kilpatrick', 'Shabazz Muhammad', 'Thaddeus Young', 'Troy Daniels', 'Zach LaVine']"
107,1610612750,2015-16,"['Adreian Payne', 'Andre Miller', 'Andrew Wiggins', 'Damjan Rudez', 'Gorgui Dieng', 'Greg Smith', 'Karl-Anthony Towns', 'Kevin Garnett', 'Kevin Martin', 'Nemanja Bjelica', 'Nikola Pekovic', 'Ricky Rubio', 'Shabazz Muhammad', 'Tayshaun Prince', 'Tyus Jones', 'Zach LaVine']"
108,1610612750,2016-17,"['Adreian Payne', 'Andrew Wiggins', 'Brandon Rush', 'Cole Aldrich', 'Gorgui Dieng', 'John Lucas III', 'Jordan Hill', 'Karl-Anthony Towns', 'Kris Dunn', 'Lance Stephenson', 'Nemanja Bjelica', 'Omri Casspi', 'Ricky Rubio', 'Shabazz Muhammad', 'Tyus Jones', 'Zach LaVine']"
109,1610612750,2017-18,"['Aaron Brooks', 'Andrew Wiggins', 'Anthony Brown', 'Cole Aldrich', 'Derrick Rose', 'Gorgui Dieng', 'Jamal Crawford', 'Jeff Teague', 'Jimmy Butler', 'Justin Patton', 'Karl-Anthony Towns', 'Marcus Georges-Hunt', 'Nemanja Bjelica', 'Shabazz Muhammad', 'Taj Gibson', 'Tyus Jones']"
110,1610612750,2018-19,"['Andrew Wiggins', 'Anthony Tolliver', 'C.J. Williams', 'Cameron Reynolds', 'Dario Saric', 'Derrick Rose', 'Gorgui Dieng', 'Isaiah Canaan', 'James Nunnally', 'Jared Terrell', 'Jeff Teague', 'Jerryd Bayless', 'Jimmy Butler', 'Josh Okogie', 'Karl-Anthony Towns', 'Keita Bates-Diop', 'Luol Deng', 'Mitchell Creek', 'Robert Covington', 'Taj Gibson', 'Tyus Jones']"
111,1610612750,2019-20,"['Allen Crabbe', 'Andrew Wiggins', ""D'Angelo Russell"", 'Gorgui Dieng', 'Jacob Evans', 'Jake Layman', 'James Johnson', 'Jarred Vanderbilt', 'Jarrett Culver', 'Jaylen Nowell', 'Jeff Teague', 'Jordan Bell', 'Jordan McLaughlin', 'Josh Okogie', 'Juancho Hernangomez', 'Karl-Anthony Towns', 'Keita Bates-Diop', 'Kelan Martin', 'Malik Beasley', 'Naz Reid', 'Noah Vonleh', 'Robert Covington', 'Shabazz Napier', 'Treveon Graham']"
112,1610612751,2012-13,"['Andray Blatche', 'Brook Lopez', 'C.J. Watson', 'Damion James', 'Deron Williams', 'Gerald Wallace', 'Jerry Stackhouse', 'Joe Johnson', 'Josh Childress', 'Keith Bogans', 'Kris Humphries', 'Kris Joseph', 'MarShon Brooks', 'Mirza Teletovic', 'Reggie Evans', 'Tornike Shengelia', 'Tyshawn Taylor']"
113,1610612751,2013-14,"['Alan Anderson', 'Andray Blatche', 'Andrei Kirilenko', 'Brook Lopez', 'Deron Williams', 'Jason Collins', 'Jason Terry', 'Joe Johnson', 'Jorge Gutierrez', 'Kevin Garnett', 'Marcus Thornton', 'Marquis Teague', 'Mason Plumlee', 'Mirza Teletovic', 'Paul Pierce', 'Reggie Evans', 'Shaun Livingston', 'Tornike Shengelia', 'Tyshawn Taylor']"
114,1610612751,2014-15,"['Alan Anderson', 'Andrei Kirilenko', 'Bojan Bogdanovic', 'Brandon Davies', 'Brook Lopez', 'Cory Jefferson', 'Darius Morris', 'Deron Williams', 'Earl Clark', 'Jarrett Jack', 'Jerome Jordan', 'Joe Johnson', 'Jorge Gutierrez', 'Kevin Garnett', 'Markel Brown', 'Mason Plumlee', 'Mirza Teletovic', 'Sergey Karasev', 'Thaddeus Young']"
115,1610612751,2015-16,"['Andrea Bargnani', 'Bojan Bogdanovic', 'Brook Lopez', 'Chris McCullough', 'Donald Sloan', 'Henry Sims', 'Jarrett Jack', 'Joe Johnson', 'Markel Brown', 'Rondae Hollis-Jefferson', 'Sean Kilpatrick', 'Sergey Karasev', 'Shane Larkin', 'Thaddeus Young', 'Thomas Robinson', 'Wayne Ellington', 'Willie Reed']"
116,1610612751,2016-17,"['Andrew Nicholson', 'Anthony Bennett', 'Archie Goodwin', 'Bojan Bogdanovic', 'Brook Lopez', 'Caris LeVert', 'Chris McCullough', 'Greivis Vasquez', 'Isaiah Whitehead', 'Jeremy Lin', 'Joe Harris', 'Justin Hamilton', 'KJ McDaniels', 'Luis Scola', 'Quincy Acy', 'Randy Foye', 'Rondae Hollis-Jefferson', 'Sean Kilpatrick', 'Spencer Dinwiddie', 'Trevor Booker', 'Yogi Ferrell']"
117,1610612751,2017-18,"['Allen Crabbe', 'Caris LeVert', ""D'Angelo Russell"", 'Dante Cunningham', 'DeMarre Carroll', 'Isaiah Whitehead', 'Jacob Wiley', 'Jahlil Okafor', 'James Webb III', 'Jarrett Allen', 'Jeremy Lin', 'Joe Harris', 'Milton Doyle', 'Nik Stauskas', 'Quincy Acy', 'Rashad Vaughn', 'Rondae Hollis-Jefferson', 'Sean Kilpatrick', 'Spencer Dinwiddie', 'Timofey Mozgov', 'Trevor Booker', 'Tyler Zeller']"
118,1610612751,2018-19,"['Alan Williams', 'Allen Crabbe', 'Caris LeVert', ""D'Angelo Russell"", 'DeMarre Carroll', 'Dzanan Musa', 'Ed Davis', 'Jared Dudley', 'Jarrett Allen', 'Joe Harris', 'Kenneth Faried', 'Mitchell Creek', 'Rodions Kurucs', 'Rondae Hollis-Jefferson', 'Shabazz Napier', 'Spencer Dinwiddie', 'Tahjere McCall', 'Theo Pinson', 'Treveon Graham']"
119,1610612751,2019-20,"['Caris LeVert', 'Chris Chiozza', 'David Nwaba', 'DeAndre Jordan', 'Dzanan Musa', 'Garrett Temple', 'Henry Ellenson', 'Iman Shumpert', 'Jarrett Allen', 'Jeremiah Martin', 'Joe Harris', 'Justin Anderson', 'Kyrie Irving', 'Nicolas Claxton', 'Rodions Kurucs', 'Spencer Dinwiddie', 'Taurean Prince', 'Theo Pinson', 'Timothe Luwawu-Cabarrot', 'Wilson Chandler']"
120,1610612752,2012-13,"[""Amar'e Stoudemire"", 'Carmelo Anthony', 'Chris Copeland', 'Earl Barron', 'Iman Shumpert', 'JR Smith', 'James White', 'Jason Kidd', 'Kenyon Martin', 'Kurt Thomas', 'Marcus Camby', 'Pablo Prigioni', 'Quentin Richardson', 'Rasheed Wallace', 'Raymond Felton', 'Ronnie Brewer', 'Solomon Jones', 'Steve Novak', 'Tyson Chandler']"
121,1610612752,2013-14,"[""Amar'e Stoudemire"", 'Andrea Bargnani', 'Beno Udrih', 'Carmelo Anthony', 'Chris Smith', 'Cole Aldrich', 'Earl Clark', 'Iman Shumpert', 'JR Smith', 'Jeremy Tyler', 'Kenyon Martin', 'Metta World Peace', 'Pablo Prigioni', 'Raymond Felton', 'Shannon Brown', 'Tim Hardaway Jr.', ""Toure' Murry"", 'Tyson Chandler']"
122,1610612752,2014-15,"['Alexey Shved', ""Amar'e Stoudemire"", 'Andrea Bargnani', 'Carmelo Anthony', 'Cleanthony Early', 'Cole Aldrich', 'Iman Shumpert', 'JR Smith', 'Jason Smith', 'Jose Calderon', 'Lance Thomas', 'Langston Galloway', 'Lou Amundson', 'Pablo Prigioni', 'Quincy Acy', 'Ricky Ledo', 'Samuel Dalembert', 'Shane Larkin', 'Tim Hardaway Jr.', 'Travis Wear']"
123,1610612752,2015-16,"['Arron Afflalo', 'Carmelo Anthony', 'Cleanthony Early', 'Derrick Williams', 'Jerian Grant', 'Jimmer Fredette', 'Jose Calderon', 'Kevin Seraphin', 'Kristaps Porzingis', ""Kyle O'Quinn"", 'Lance Thomas', 'Langston Galloway', 'Lou Amundson', 'Robin Lopez', 'Sasha Vujacic', 'Thanasis Antetokounmpo']"
124,1610612752,2016-17,"['Brandon Jennings', 'Carmelo Anthony', 'Chasson Randle', 'Courtney Lee', 'Derrick Rose', 'Joakim Noah', 'Justin Holiday', 'Kristaps Porzingis', ""Kyle O'Quinn"", 'Lance Thomas', 'Marshall Plumlee', 'Maurice Ndour', 'Mindaugas Kuzminskas', 'Ron Baker', 'Sasha Vujacic', 'Willy Hernangomez']"
125,1610612752,2017-18,"['Courtney Lee', 'Damyean Dotson', 'Doug McDermott', 'Emmanuel Mudiay', 'Enes Kanter', 'Frank Ntilikina', 'Isaiah Hicks', 'Jarrett Jack', 'Joakim Noah', 'Kristaps Porzingis', ""Kyle O'Quinn"", 'Lance Thomas', 'Luke Kornet', 'Michael Beasley', 'Mindaugas Kuzminskas', 'Ramon Sessions', 'Ron Baker', 'Tim Hardaway Jr.', 'Trey Burke', 'Troy Williams', 'Willy Hernangomez']"
126,1610612752,2018-19,"['Allonzo Trier', 'Billy Garrett', 'Courtney Lee', 'Damyean Dotson', 'DeAndre Jordan', 'Dennis Smith Jr.', 'Emmanuel Mudiay', 'Enes Kanter', 'Frank Ntilikina', 'Henry Ellenson', 'Isaiah Hicks', 'John Jenkins', 'Kadeem Allen', 'Kevin Knox II', 'Lance Thomas', 'Luke Kornet', 'Mario Hezonja', 'Mitchell Robinson', 'Noah Vonleh', 'Ron Baker', 'Tim Hardaway Jr.', 'Trey Burke', 'Wesley Matthews']"
127,1610612752,2019-20,"['Allonzo Trier', 'Bobby Portis', 'Damyean Dotson', 'Dennis Smith Jr.', 'Elfrid Payton', 'Frank Ntilikina', 'Ignas Brazdeikis', 'Julius Randle', 'Kadeem Allen', 'Kevin Knox II', 'Marcus Morris Sr.', 'Maurice Harkless', 'Mitchell Robinson', 'RJ Barrett', 'Reggie Bullock', 'Taj Gibson', 'Wayne Ellington']"
128,1610612753,2012-13,"['Al Harrington', 'Andrew Nicholson', 'Arron Afflalo', 'Beno Udrih', 'DeQuan Jones', 'Doron Lamb', ""E'Twaun Moore"", 'Glen Davis', 'Gustavo Ayon', 'Hedo Turkoglu', 'Ish Smith', 'JJ Redick', 'Jameer Nelson', 'Josh McRoberts', ""Kyle O'Quinn"", 'Maurice Harkless', 'Nikola Vucevic', 'Tobias Harris']"
129,1610612753,2013-14,"['Adonis Thomas', 'Andrew Nicholson', 'Arron Afflalo', 'Dewayne Dedmon', 'Doron Lamb', ""E'Twaun Moore"", 'Glen Davis', 'Jameer Nelson', 'Jason Maxiell', ""Kyle O'Quinn"", 'Maurice Harkless', 'Nikola Vucevic', 'Ronnie Price', 'Solomon Jones', 'Tobias Harris', 'Victor Oladipo']"
130,1610612753,2014-15,"['Aaron Gordon', 'Andrew Nicholson', 'Ben Gordon', 'Channing Frye', 'Devyn Marble', 'Dewayne Dedmon', 'Elfrid Payton', 'Evan Fournier', ""Kyle O'Quinn"", 'Luke Ridnour', 'Maurice Harkless', 'Nikola Vucevic', 'Tobias Harris', 'Victor Oladipo', 'Willie Green']"
131,1610612753,2015-16,"['Aaron Gordon', 'Andrew Nicholson', 'Brandon Jennings', 'C.J. Watson', 'Channing Frye', 'Devyn Marble', 'Dewayne Dedmon', 'Elfrid Payton', 'Ersan Ilyasova', 'Evan Fournier', 'Jason Smith', 'Keith Appling', 'Mario Hezonja', 'Nikola Vucevic', 'Shabazz Napier', 'Tobias Harris', 'Victor Oladipo']"
132,1610612753,2016-17,"['Aaron Gordon', 'Anthony Brown', 'Arinze Onuaku', 'Bismack Biyombo', 'C.J. Watson', 'C.J. Wilcox', 'D.J. Augustin', 'Damjan Rudez', 'Elfrid Payton', 'Evan Fournier', 'Jeff Green', 'Jodie Meeks', 'Marcus Georges-Hunt', 'Mario Hezonja', 'Nikola Vucevic', 'Patricio Garino', 'Serge Ibaka', 'Stephen Zimmerman', 'Terrence Ross']"
133,1610612753,2017-18,"['Aaron Gordon', 'Adreian Payne', 'Arron Afflalo', 'Bismack Biyombo', 'D.J. Augustin', 'Elfrid Payton', 'Evan Fournier', 'Jamel Artis', 'Jonathan Isaac', 'Jonathon Simmons', 'Khem Birch', 'Mario Hezonja', 'Marreese Speights', 'Nikola Vucevic', 'Rashad Vaughn', 'Rodney Purvis', 'Shelvin Mack', 'Terrence Ross', 'Wes Iwundu']"
134,1610612753,2018-19,"['Aaron Gordon', 'Amile Jefferson', 'D.J. Augustin', 'Evan Fournier', 'Isaiah Briscoe', 'Jarell Martin', 'Jerian Grant', 'Jonathan Isaac', 'Jonathon Simmons', 'Khem Birch', 'Melvin Frazier Jr.', 'Michael Carter-Williams', 'Mo Bamba', 'Nikola Vucevic', 'Terrence Ross', 'Troy Caupain', 'Wes Iwundu']"
135,1610612753,2019-20,"['Aaron Gordon', 'Al-Farouq Aminu', 'Amile Jefferson', 'BJ Johnson', 'D.J. Augustin', 'Evan Fournier', 'Gary Clark', 'James Ennis III', 'Jonathan Isaac', 'Josh Magette', 'Khem Birch', 'Markelle Fultz', 'Melvin Frazier Jr.', 'Michael Carter-Williams', 'Mo Bamba', 'Nikola Vucevic', 'Terrence Ross', 'Vic Law', 'Wes Iwundu']"
136,1610612754,2012-13,"['Ben Hansbrough', 'D.J. Augustin', 'Danny Granger', 'David West', 'Dominic McGuire', 'George Hill', 'Gerald Green', 'Ian Mahinmi', 'Jeff Ayres', 'Lance Stephenson', 'Miles Plumlee', 'Orlando Johnson', 'Paul George', 'Roy Hibbert', 'Sam Young', 'Tyler Hansbrough']"
137,1610612754,2013-14,"['Andrew Bynum', 'C.J. Watson', 'Chris Copeland', 'Danny Granger', 'David West', 'Donald Sloan', 'Evan Turner', 'George Hill', 'Ian Mahinmi', 'Lance Stephenson', 'Lavoy Allen', 'Luis Scola', 'Orlando Johnson', 'Paul George', 'Rasual Butler', 'Roy Hibbert', 'Solomon Hill']"
138,1610612754,2014-15,"['AJ Price', 'C.J. Watson', 'CJ Miles', 'Chris Copeland', 'Damjan Rudez', 'David West', 'Donald Sloan', 'George Hill', 'Ian Mahinmi', 'Lavoy Allen', 'Luis Scola', 'Paul George', 'Rodney Stuckey', 'Roy Hibbert', 'Shayne Whittington', 'Solomon Hill']"
139,1610612754,2015-16,"['CJ Miles', 'Chase Budinger', 'George Hill', 'Glenn Robinson III', 'Ian Mahinmi', 'Joe Young', 'Jordan Hill', 'Lavoy Allen', 'Monta Ellis', 'Myles Turner', 'Paul George', 'Rakeem Christmas', 'Rodney Stuckey', 'Shayne Whittington', 'Solomon Hill', 'Ty Lawson']"
140,1610612754,2016-17,"['Aaron Brooks', 'Al Jefferson', 'CJ Miles', 'Georges Niang', 'Glenn Robinson III', 'Jeff Teague', 'Joe Young', 'Kevin Seraphin', 'Lance Stephenson', 'Lavoy Allen', 'Monta Ellis', 'Myles Turner', 'Paul George', 'Rakeem Christmas', 'Rodney Stuckey', 'Thaddeus Young']"
141,1610612754,2017-18,"['Al Jefferson', 'Alex Poythress', 'Ben Moore', 'Bojan Bogdanovic', 'Cory Joseph', 'Damien Wilkins', 'Darren Collison', 'Domantas Sabonis', 'Edmond Sumner', 'Glenn Robinson III', 'Ike Anigbogu', 'Joe Young', 'Lance Stephenson', 'Myles Turner', 'TJ Leaf', 'Thaddeus Young', 'Trevor Booker', 'Trey McKinney-Jones', 'Victor Oladipo']"
142,1610612754,2018-19,"['Aaron Holiday', 'Alize Johnson', 'Bojan Bogdanovic', 'Cory Joseph', 'Darren Collison', 'Davon Reed', 'Domantas Sabonis', 'Doug McDermott', 'Edmond Sumner', 'Ike Anigbogu', ""Kyle O'Quinn"", 'Myles Turner', 'TJ Leaf', 'Thaddeus Young', 'Tyreke Evans', 'Victor Oladipo', 'Wesley Matthews']"
143,1610612754,2019-20,"['Aaron Holiday', 'Alize Johnson', 'Brian Bowen II', 'Domantas Sabonis', 'Doug McDermott', 'Edmond Sumner', 'Goga Bitadze', 'JaKarr Sampson', 'Jeremy Lamb', 'Justin Holiday', 'Malcolm Brogdon', 'Myles Turner', 'Naz Mitrou-Long', 'T.J. McConnell', 'T.J. Warren', 'TJ Leaf', 'Victor Oladipo']"
144,1610612755,2012-13,"['Arnett Moultrie', 'Charles Jenkins', 'Damien Wilkins', 'Dorell Wright', 'Evan Turner', 'Jason Richardson', 'Jeremy Pargo', 'Jrue Holiday', 'Justin Holiday', 'Kwame Brown', 'Lavoy Allen', 'Maalik Wayns', 'Nick Young', 'Royal Ivey', 'Shelvin Mack', 'Spencer Hawes', 'Thaddeus Young']"
145,1610612755,2013-14,"['Adonis Thomas', 'Arnett Moultrie', 'Brandon Davies', 'Byron Mullens', 'Casper Ware', 'Daniel Orton', 'Darius Johnson-Odom', 'Darius Morris', 'Dewayne Dedmon', 'Elliot Williams', 'Eric Maynor', 'Evan Turner', 'Henry Sims', 'Hollis Thompson', 'James Anderson', 'James Nunnally', 'Jarvis Varnado', 'Lavoy Allen', 'Lorenzo Brown', 'Michael Carter-Williams', 'Spencer Hawes', 'Thaddeus Young', 'Tony Wroten']"
146,1610612755,2014-15,"['Alexey Shved', 'Brandon Davies', 'Chris Johnson', 'Drew Gordon', 'Furkan Aldemir', 'Glenn Robinson III', 'Henry Sims', 'Hollis Thompson', 'Isaiah Canaan', 'Ish Smith', 'JaKarr Sampson', 'JaVale McGee', 'Jason Richardson', 'Jerami Grant', 'KJ McDaniels', 'Larry Drew II', 'Luc Mbah a Moute', 'Malcolm Lee', 'Malcolm Thomas', 'Michael Carter-Williams', 'Nerlens Noel', 'Robert Covington', 'Thomas Robinson', 'Tim Frazier', 'Tony Wroten']"
147,1610612755,2015-16,"['Carl Landry', 'Christian Wood', 'Elton Brand', 'Hollis Thompson', 'Isaiah Canaan', 'Ish Smith', 'JaKarr Sampson', 'Jahlil Okafor', 'Jerami Grant', 'Kendall Marshall', 'Nerlens Noel', 'Nik Stauskas', 'Phil Pressey', 'Richaun Holmes', 'Robert Covington', 'Sonny Weems', 'T.J. McConnell', 'Tony Wroten']"
148,1610612755,2016-17,"['Alex Poythress', 'Chasson Randle', 'Dario Saric', 'Ersan Ilyasova', 'Gerald Henderson', 'Hollis Thompson', 'Jahlil Okafor', 'Jerami Grant', 'Jerryd Bayless', 'Joel Embiid', 'Justin Anderson', 'Justin Harper', 'Nerlens Noel', 'Nik Stauskas', 'Richaun Holmes', 'Robert Covington', 'Sergio Rodriguez', 'Shawn Long', 'T.J. McConnell', 'Tiago Splitter', 'Timothe Luwawu-Cabarrot']"
149,1610612755,2017-18,"['Amir Johnson', 'Ben Simmons', 'Dario Saric', 'Demetrius Jackson', 'Ersan Ilyasova', 'Furkan Korkmaz', 'JJ Redick', 'Jacob Pullen', 'Jahlil Okafor', 'James Michael McAdoo', 'James Young', 'Jerryd Bayless', 'Joel Embiid', 'Justin Anderson', 'Larry Drew II', 'Marco Belinelli', 'Markelle Fultz', 'Nik Stauskas', 'Richaun Holmes', 'Robert Covington', 'T.J. McConnell', 'Timothe Luwawu-Cabarrot', 'Trevor Booker']"
150,1610612755,2018-19,"['Amir Johnson', 'Ben Simmons', 'Boban Marjanovic', 'Corey Brewer', 'Dario Saric', 'Demetrius Jackson', 'Furkan Korkmaz', 'Greg Monroe', 'Haywood Highsmith', 'JJ Redick', 'James Ennis III', 'Jimmy Butler', 'Joel Embiid', 'Jonah Bolden', 'Jonathon Simmons', 'Justin Patton', 'Landry Shamet', 'Markelle Fultz', 'Mike Muscala', 'Mike Scott', 'Robert Covington', 'Shake Milton', 'T.J. McConnell', 'Tobias Harris', 'Wilson Chandler', 'Zhaire Smith']"
151,1610612755,2019-20,"['Al Horford', 'Alec Burks', 'Ben Simmons', 'Furkan Korkmaz', 'Glenn Robinson III', 'James Ennis III', 'Joel Embiid', 'Jonah Bolden', 'Josh Richardson', ""Kyle O'Quinn"", 'Marial Shayok', 'Matisse Thybulle', 'Mike Scott', 'Norvel Pelle', 'Raul Neto', 'Shake Milton', 'Tobias Harris', 'Trey Burke', 'Zhaire Smith']"
152,1610612756,2012-13,"['Diante Garrett', 'Goran Dragic', 'Hamed Haddadi', 'Jared Dudley', ""Jermaine O'Neal"", 'Kendall Marshall', 'Luis Scola', 'Luke Zeller', 'Marcin Gortat', 'Marcus Morris Sr.', 'Markieff Morris', 'Michael Beasley', 'P.J. Tucker', 'Sebastian Telfair', 'Shannon Brown', 'Wesley Johnson']"
153,1610612756,2013-14,"['Alex Len', 'Archie Goodwin', 'Channing Frye', 'Dionte Christmas', 'Eric Bledsoe', 'Gerald Green', 'Goran Dragic', 'Ish Smith', 'Leandro Barbosa', 'Marcus Morris Sr.', 'Markieff Morris', 'Miles Plumlee', 'P.J. Tucker', 'Shavlik Randolph', 'Viacheslav Kravtsov']"
154,1610612756,2014-15,"['AJ Price', 'Alex Len', 'Anthony Tolliver', 'Archie Goodwin', 'Brandan Wright', 'Brandon Knight', 'Earl Barron', 'Eric Bledsoe', 'Gerald Green', 'Goran Dragic', 'Isaiah Thomas', 'Jerel McNeal', 'Marcus Morris Sr.', 'Marcus Thornton', 'Markieff Morris', 'Miles Plumlee', 'P.J. Tucker', 'Reggie Bullock', 'Seth Curry', 'Shavlik Randolph', 'T.J. Warren', 'Tyler Ennis', 'Zoran Dragic']"
155,1610612756,2015-16,"['Alan Williams', 'Alex Len', 'Archie Goodwin', 'Brandon Knight', 'Bryce Cotton', 'Chase Budinger', 'Cory Jefferson', 'Devin Booker', 'Eric Bledsoe', 'John Jenkins', 'Jon Leuer', 'Jordan McRae', 'Kris Humphries', 'Lorenzo Brown', 'Markieff Morris', 'Mirza Teletovic', 'Orlando Johnson', 'P.J. Tucker', 'Phil Pressey', 'Ronnie Price', 'Sonny Weems', 'T.J. Warren', 'Tyson Chandler']"
156,1610612756,2016-17,"['Alan Williams', 'Alex Len', 'Brandon Knight', 'Derrick Jones Jr.', 'Devin Booker', 'Dragan Bender', 'Elijah Millsap', 'Eric Bledsoe', 'Jared Dudley', 'Jarell Eddie', 'John Jenkins', 'Leandro Barbosa', 'Marquese Chriss', 'P.J. Tucker', 'Ronnie Price', 'T.J. Warren', 'Tyler Ulis', 'Tyson Chandler']"
157,1610612756,2017-18,"['Alan Williams', 'Alec Peters', 'Alex Len', 'Danuel House Jr.', 'Davon Reed', 'Derrick Jones Jr.', 'Devin Booker', 'Dragan Bender', 'Elfrid Payton', 'Eric Bledsoe', 'Greg Monroe', 'Isaiah Canaan', 'Jared Dudley', 'Josh Gray', 'Josh Jackson', 'Marquese Chriss', 'Mike James', 'Shaquille Harrison', 'T.J. Warren', 'Troy Daniels', 'Tyler Ulis', 'Tyson Chandler']"
158,1610612756,2018-19,"[""De'Anthony Melton"", 'Deandre Ayton', 'Devin Booker', 'Dragan Bender', 'Elie Okobo', 'Emanuel Terry', 'Eric Moreland', 'George King', 'Isaiah Canaan', 'Jamal Crawford', 'Jawun Evans', 'Jimmer Fredette', 'Josh Jackson', 'Kelly Oubre Jr.', 'Mikal Bridges', 'Quincy Acy', 'Ray Spalding', 'Richaun Holmes', 'Ryan Anderson', 'T.J. Warren', 'Trevor Ariza', 'Troy Daniels', 'Tyler Johnson', 'Tyson Chandler']"
159,1610612756,2019-20,"['Aron Baynes', 'Cameron Johnson', 'Cheick Diallo', 'Dario Saric', 'Deandre Ayton', 'Devin Booker', 'Elie Okobo', 'Frank Kaminsky', 'Jalen Lecque', 'Jared Harper', 'Jevon Carter', 'Jonah Bolden', 'Kelly Oubre Jr.', 'Mikal Bridges', 'Ricky Rubio', 'Tariq Owens', 'Ty Jerome', 'Tyler Johnson']"
160,1610612757,2012-13,"['Damian Lillard', 'Eric Maynor', 'JJ Hickson', 'Jared Jeffries', 'Joel Freeland', 'LaMarcus Aldridge', 'Luke Babbitt', 'Meyers Leonard', 'Nicolas Batum', 'Nolan Smith', 'Ronnie Price', 'Sasha Pavlovic', 'Victor Claver', 'Wesley Matthews', 'Will Barton']"
161,1610612757,2013-14,"['Allen Crabbe', 'CJ McCollum', 'Damian Lillard', 'Dorell Wright', 'Earl Watson', 'Joel Freeland', 'LaMarcus Aldridge', 'Meyers Leonard', 'Mo Williams', 'Nicolas Batum', 'Robin Lopez', 'Thomas Robinson', 'Victor Claver', 'Wesley Matthews', 'Will Barton']"
162,1610612757,2014-15,"['Allen Crabbe', 'Alonzo Gee', 'Arron Afflalo', 'CJ McCollum', 'Chris Kaman', 'Damian Lillard', 'Dorell Wright', 'Joel Freeland', 'LaMarcus Aldridge', 'Meyers Leonard', 'Nicolas Batum', 'Robin Lopez', 'Steve Blake', 'Thomas Robinson', 'Tim Frazier', 'Victor Claver', 'Wesley Matthews', 'Will Barton']"
163,1610612757,2015-16,"['Al-Farouq Aminu', 'Allen Crabbe', 'Brian Roberts', 'CJ McCollum', 'Chris Kaman', 'Cliff Alexander', 'Damian Lillard', 'Ed Davis', 'Gerald Henderson', 'Luis Montero', 'Mason Plumlee', 'Maurice Harkless', 'Meyers Leonard', 'Noah Vonleh', 'Pat Connaughton', 'Tim Frazier']"
164,1610612757,2016-17,"['Al-Farouq Aminu', 'Allen Crabbe', 'CJ McCollum', 'Damian Lillard', 'Ed Davis', 'Evan Turner', 'Jake Layman', 'Jusuf Nurkic', 'Mason Plumlee', 'Maurice Harkless', 'Meyers Leonard', 'Noah Vonleh', 'Pat Connaughton', 'Shabazz Napier', 'Tim Quarterman']"
165,1610612757,2017-18,"['Al-Farouq Aminu', 'CJ McCollum', 'Caleb Swanigan', 'Damian Lillard', 'Ed Davis', 'Evan Turner', 'Georgios Papagiannis', 'Jake Layman', 'Jusuf Nurkic', 'Maurice Harkless', 'Meyers Leonard', 'Noah Vonleh', 'Pat Connaughton', 'Shabazz Napier', 'Wade Baldwin IV', 'Zach Collins']"
166,1610612757,2018-19,"['Al-Farouq Aminu', 'Anfernee Simons', 'CJ McCollum', 'Caleb Swanigan', 'Damian Lillard', 'Enes Kanter', 'Evan Turner', 'Gary Trent Jr.', 'Jake Layman', 'Jusuf Nurkic', 'Maurice Harkless', 'Meyers Leonard', 'Nik Stauskas', 'Rodney Hood', 'Seth Curry', 'Skal Labissiere', 'Wade Baldwin IV', 'Zach Collins']"
167,1610612757,2019-20,"['Anfernee Simons', 'Anthony Tolliver', 'CJ McCollum', 'Caleb Swanigan', 'Carmelo Anthony', 'Damian Lillard', 'Gary Trent Jr.', 'Hassan Whiteside', 'Jaylen Hoard', 'Kent Bazemore', 'Mario Hezonja', 'Moses Brown', 'Nassir Little', 'Rodney Hood', 'Skal Labissiere', 'Trevor Ariza', 'Wenyen Gabriel', 'Zach Collins']"
168,1610612758,2012-13,"['Aaron Brooks', 'Chuck Hayes', 'Cole Aldrich', 'DeMarcus Cousins', 'Francisco Garcia', 'Isaiah Thomas', 'James Johnson', 'Jason Thompson', 'Jimmer Fredette', 'John Salmons', 'Marcus Thornton', 'Patrick Patterson', 'Thomas Robinson', 'Toney Douglas', 'Travis Outlaw', 'Tyler Honeycutt', 'Tyreke Evans']"
169,1610612758,2013-14,"['Aaron Gray', 'Ben McLemore', 'Carl Landry', 'Chuck Hayes', 'DeMarcus Cousins', 'Derrick Williams', 'Greivis Vasquez', 'Hamady Ndiaye', 'Isaiah Thomas', 'Jared Cunningham', 'Jason Thompson', 'Jimmer Fredette', 'John Salmons', 'Luc Mbah a Moute', 'Marcus Thornton', 'Orlando Johnson', 'Patrick Patterson', 'Quincy Acy', 'Ray McCallum', 'Reggie Evans', 'Royce White', 'Rudy Gay', 'Travis Outlaw']"
170,1610612758,2014-15,"['Andre Miller', 'Ben McLemore', 'Carl Landry', 'Darren Collison', 'David Stockton', 'David Wear', 'DeMarcus Cousins', 'Derrick Williams', 'Eric Moreland', 'Jason Thompson', 'Nik Stauskas', 'Omri Casspi', 'Quincy Miller', 'Ramon Sessions', 'Ray McCallum', 'Reggie Evans', 'Rudy Gay', 'Ryan Hollins', 'Sim Bhullar']"
171,1610612758,2015-16,"['Ben McLemore', 'Caron Butler', 'Darren Collison', 'DeMarcus Cousins', 'Duje Dukan', 'Eric Moreland', 'James Anderson', 'Kosta Koufos', 'Marco Belinelli', 'Omri Casspi', 'Quincy Acy', 'Rajon Rondo', 'Rudy Gay', 'Seth Curry', 'Willie Cauley-Stein']"
172,1610612758,2016-17,"['Anthony Tolliver', 'Arron Afflalo', 'Ben McLemore', 'Buddy Hield', 'Darren Collison', 'DeMarcus Cousins', 'Garrett Temple', 'Georgios Papagiannis', 'Jordan Farmar', 'Kosta Koufos', 'Langston Galloway', 'Malachi Richardson', 'Matt Barnes', 'Omri Casspi', 'Rudy Gay', 'Skal Labissiere', 'Ty Lawson', 'Tyreke Evans', 'Willie Cauley-Stein']"
173,1610612758,2017-18,"['Bogdan Bogdanovic', 'Bruno Caboclo', 'Buddy Hield', ""De'Aaron Fox"", 'Frank Mason', 'Garrett Temple', 'George Hill', 'Georgios Papagiannis', 'JaKarr Sampson', 'Jack Cooley', 'Justin Jackson', 'Kosta Koufos', 'Malachi Richardson', 'Nigel Hayes', 'Skal Labissiere', 'Vince Carter', 'Willie Cauley-Stein', 'Zach Randolph']"
174,1610612758,2018-19,"['Alec Burks', 'BJ Johnson', 'Ben McLemore', 'Bogdan Bogdanovic', 'Buddy Hield', 'Caleb Swanigan', 'Corey Brewer', ""De'Aaron Fox"", 'Frank Mason', 'Harrison Barnes', 'Harry Giles III', 'Iman Shumpert', 'Justin Jackson', 'Kosta Koufos', 'Marvin Bagley III', 'Nemanja Bjelica', 'Skal Labissiere', 'Troy Williams', 'Willie Cauley-Stein', 'Yogi Ferrell']"
175,1610612758,2019-20,"['Alex Len', 'Anthony Tolliver', 'Bogdan Bogdanovic', 'Buddy Hield', 'Caleb Swanigan', 'Cory Joseph', 'DaQuan Jeffries', ""De'Aaron Fox"", 'Dewayne Dedmon', 'Eric Mika', 'Harrison Barnes', 'Harry Giles III', 'Jabari Parker', 'Justin James', 'Kent Bazemore', 'Kyle Guy', 'Marvin Bagley III', 'Nemanja Bjelica', 'Richaun Holmes', 'Trevor Ariza', 'Wenyen Gabriel', 'Yogi Ferrell']"
176,1610612759,2012-13,"['Aron Baynes', 'Boris Diaw', 'Cory Joseph', 'Danny Green', 'DeJuan Blair', 'Gary Neal', 'James Anderson', 'Kawhi Leonard', 'Manu Ginobili', 'Matt Bonner', 'Nando De Colo', 'Patty Mills', 'Stephen Jackson', 'Tiago Splitter', 'Tim Duncan', 'Tony Parker']"
177,1610612759,2013-14,"['Aron Baynes', 'Austin Daye', 'Boris Diaw', 'Cory Joseph', 'Damion James', 'Danny Green', 'Jeff Ayres', 'Kawhi Leonard', 'Malcolm Thomas', 'Manu Ginobili', 'Marco Belinelli', 'Matt Bonner', 'Nando De Colo', 'Othyus Jeffers', 'Patty Mills', 'Shannon Brown', 'Tiago Splitter', 'Tim Duncan', 'Tony Parker']"
178,1610612759,2014-15,"['Aron Baynes', 'Austin Daye', 'Boris Diaw', 'Cory Joseph', 'Danny Green', 'JaMychal Green', 'Jeff Ayres', 'Kawhi Leonard', 'Kyle Anderson', 'Manu Ginobili', 'Marco Belinelli', 'Matt Bonner', 'Patty Mills', 'Reggie Williams', 'Tiago Splitter', 'Tim Duncan', 'Tony Parker']"
179,1610612759,2015-16,"['Andre Miller', 'Boban Marjanovic', 'Boris Diaw', 'Danny Green', 'David West', 'Jonathon Simmons', 'Kawhi Leonard', 'Kevin Martin', 'Kyle Anderson', 'LaMarcus Aldridge', 'Manu Ginobili', 'Matt Bonner', 'Patty Mills', 'Rasual Butler', 'Ray McCallum', 'Tim Duncan', 'Tony Parker']"
180,1610612759,2016-17,"['Bryn Forbes', 'Danny Green', 'David Lee', 'Davis Bertans', 'Dejounte Murray', 'Dewayne Dedmon', 'Joel Anthony', 'Jonathon Simmons', 'Kawhi Leonard', 'Kyle Anderson', 'LaMarcus Aldridge', 'Manu Ginobili', 'Nicolas Laprovittola', 'Patty Mills', 'Pau Gasol', 'Tony Parker']"
181,1610612759,2017-18,"['Brandon Paul', 'Bryn Forbes', 'Danny Green', 'Darrun Hilliard', 'Davis Bertans', 'Dejounte Murray', 'Derrick White', 'Joffrey Lauvergne', 'Kawhi Leonard', 'Kyle Anderson', 'LaMarcus Aldridge', 'Manu Ginobili', 'Matt Costello', 'Patty Mills', 'Pau Gasol', 'Rudy Gay', 'Tony Parker']"
182,1610612759,2018-19,"['Bryn Forbes', 'Chimezie Metu', 'Dante Cunningham', 'Davis Bertans', 'DeMar DeRozan', 'Derrick White', 'Donatas Motiejunas', 'Drew Eubanks', 'Jakob Poeltl', 'LaMarcus Aldridge', 'Lonnie Walker IV', 'Marco Belinelli', 'Patty Mills', 'Pau Gasol', 'Quincy Pondexter', 'Rudy Gay']"
183,1610612759,2019-20,"['Bryn Forbes', 'Chimezie Metu', 'DeMar DeRozan', 'DeMarre Carroll', 'Dejounte Murray', 'Derrick White', 'Drew Eubanks', 'Jakob Poeltl', 'Keldon Johnson', 'LaMarcus Aldridge', 'Lonnie Walker IV', 'Luka Samanic', 'Marco Belinelli', 'Patty Mills', 'Quinndary Weatherspoon', 'Rudy Gay', 'Trey Lyles']"
184,1610612760,2012-13,"['Daniel Orton', 'DeAndre Liggins', 'Derek Fisher', 'Eric Maynor', 'Hasheem Thabeet', 'Jeremy Lamb', 'Kendrick Perkins', 'Kevin Durant', 'Kevin Martin', 'Nick Collison', 'Perry Jones III', 'Reggie Jackson', 'Ronnie Brewer', 'Russell Westbrook', 'Serge Ibaka', 'Thabo Sefolosha']"
185,1610612760,2013-14,"['Andre Roberson', 'Caron Butler', 'Derek Fisher', 'Hasheem Thabeet', 'Jeremy Lamb', 'Kendrick Perkins', 'Kevin Durant', 'Mustafa Shakur', 'Nick Collison', 'Perry Jones III', 'Reggie Jackson', 'Reggie Williams', 'Royal Ivey', 'Russell Westbrook', 'Ryan Gomes', 'Serge Ibaka', 'Steven Adams', 'Thabo Sefolosha']"
186,1610612760,2014-15,"['Andre Roberson', 'Anthony Morrow', 'D.J. Augustin', 'Dion Waiters', 'Enes Kanter', 'Grant Jerrett', 'Ish Smith', 'Jeremy Lamb', 'Kendrick Perkins', 'Kevin Durant', 'Kyle Singler', 'Lance Thomas', 'Mitch McGary', 'Nick Collison', 'Perry Jones III', 'Reggie Jackson', 'Russell Westbrook', 'Sebastian Telfair', 'Serge Ibaka', 'Steve Novak', 'Steven Adams']"
187,1610612760,2015-16,"['Andre Roberson', 'Anthony Morrow', 'Cameron Payne', 'D.J. Augustin', 'Dion Waiters', 'Enes Kanter', 'Josh Huestis', 'Kevin Durant', 'Kyle Singler', 'Mitch McGary', 'Nazr Mohammed', 'Nick Collison', 'Randy Foye', 'Russell Westbrook', 'Serge Ibaka', 'Steve Novak', 'Steven Adams']"
188,1610612760,2016-17,"['Alex Abrines', 'Andre Roberson', 'Anthony Morrow', 'Cameron Payne', 'Domantas Sabonis', 'Doug McDermott', 'Enes Kanter', 'Ersan Ilyasova', 'Jerami Grant', 'Joffrey Lauvergne', 'Josh Huestis', 'Kyle Singler', 'Nick Collison', 'Norris Cole', 'Russell Westbrook', 'Semaj Christon', 'Steven Adams', 'Taj Gibson', 'Victor Oladipo']"
189,1610612760,2017-18,"['Alex Abrines', 'Andre Roberson', 'Carmelo Anthony', 'Corey Brewer', 'Dakari Johnson', 'Daniel Hamilton', 'Jerami Grant', 'Josh Huestis', 'Kyle Singler', 'Nick Collison', 'PJ Dozier', 'Patrick Patterson', 'Paul George', 'Raymond Felton', 'Russell Westbrook', 'Steven Adams', 'Terrance Ferguson']"
190,1610612760,2018-19,"['Abdel Nader', 'Alex Abrines', 'Dennis Schroder', 'Deonte Burton', 'Donte Grantham', 'Hamidou Diallo', 'Jawun Evans', 'Jerami Grant', 'Markieff Morris', 'Nerlens Noel', 'Patrick Patterson', 'Paul George', 'Raymond Felton', 'Russell Westbrook', 'Steven Adams', 'Terrance Ferguson', 'Timothe Luwawu-Cabarrot', 'Tyler Davis']"
191,1610612760,2019-20,"['Abdel Nader', 'Chris Paul', 'Danilo Gallinari', 'Darius Bazley', 'Dennis Schroder', 'Deonte Burton', 'Devon Hall', 'Hamidou Diallo', 'Isaiah Roby', 'Justin Patton', 'Kevin Hervey', 'Luguentz Dort', 'Mike Muscala', 'Nerlens Noel', 'Shai Gilgeous-Alexander', 'Steven Adams', 'Terrance Ferguson']"
192,1610612761,2012-13,"['Aaron Gray', 'Alan Anderson', 'Amir Johnson', 'Andrea Bargnani', 'DeMar DeRozan', 'Dominic McGuire', 'Ed Davis', 'John Lucas III', 'Jonas Valanciunas', 'Jose Calderon', 'Kyle Lowry', 'Landry Fields', 'Linas Kleiza', 'Mickael Pietrus', 'Quincy Acy', 'Rudy Gay', 'Sebastian Telfair', 'Terrence Ross']"
193,1610612761,2013-14,"['Aaron Gray', 'Amir Johnson', 'Austin Daye', 'Chuck Hayes', 'D.J. Augustin', 'DeMar DeRozan', 'Dwight Buycks', 'Greivis Vasquez', 'John Salmons', 'Jonas Valanciunas', 'Julyan Stone', 'Kyle Lowry', 'Landry Fields', 'Nando De Colo', 'Patrick Patterson', 'Quincy Acy', 'Rudy Gay', 'Steve Novak', 'Terrence Ross', 'Tyler Hansbrough']"
194,1610612761,2014-15,"['Amir Johnson', 'Bruno Caboclo', 'Chuck Hayes', 'DeMar DeRozan', 'Greg Stiemsma', 'Greivis Vasquez', 'James Johnson', 'Jonas Valanciunas', 'Kyle Lowry', 'Landry Fields', 'Lou Williams', 'Lucas Nogueira', 'Patrick Patterson', 'Terrence Ross', 'Tyler Hansbrough']"
195,1610612761,2015-16,"['Anthony Bennett', 'Bismack Biyombo', 'Bruno Caboclo', 'Cory Joseph', 'DeMar DeRozan', 'DeMarre Carroll', 'Delon Wright', 'James Johnson', 'Jason Thompson', 'Jonas Valanciunas', 'Kyle Lowry', 'Lucas Nogueira', 'Luis Scola', 'Norman Powell', 'Patrick Patterson', 'Terrence Ross']"
196,1610612761,2016-17,"['Bruno Caboclo', 'Cory Joseph', 'DeMar DeRozan', 'DeMarre Carroll', 'Delon Wright', 'Fred VanVleet', 'Jakob Poeltl', 'Jared Sullinger', 'Jonas Valanciunas', 'Kyle Lowry', 'Lucas Nogueira', 'Norman Powell', 'P.J. Tucker', 'Pascal Siakam', 'Patrick Patterson', 'Serge Ibaka', 'Terrence Ross']"
197,1610612761,2017-18,"['Alfonzo McKinnie', 'Bruno Caboclo', 'CJ Miles', 'DeMar DeRozan', 'Delon Wright', 'Fred VanVleet', 'Jakob Poeltl', 'Jonas Valanciunas', 'Kyle Lowry', 'Lorenzo Brown', 'Lucas Nogueira', 'Malachi Richardson', 'Malcolm Miller', 'Nigel Hayes', 'Norman Powell', 'OG Anunoby', 'Pascal Siakam', 'Serge Ibaka']"
198,1610612761,2018-19,"['CJ Miles', 'Chris Boucher', 'Danny Green', 'Delon Wright', 'Eric Moreland', 'Fred VanVleet', 'Greg Monroe', 'Jeremy Lin', 'Jodie Meeks', 'Jonas Valanciunas', 'Jordan Loyd', 'Kawhi Leonard', 'Kyle Lowry', 'Lorenzo Brown', 'Malachi Richardson', 'Malcolm Miller', 'Marc Gasol', 'Norman Powell', 'OG Anunoby', 'Pascal Siakam', 'Patrick McCaw', 'Serge Ibaka']"
199,1610612761,2019-20,"['Chris Boucher', 'Dewan Hernandez', 'Fred VanVleet', 'Kyle Lowry', 'Malcolm Miller', 'Marc Gasol', 'Matt Thomas', 'Norman Powell', 'OG Anunoby', 'Oshae Brissett', 'Pascal Siakam', 'Patrick McCaw', 'Paul Watson', 'Rondae Hollis-Jefferson', 'Serge Ibaka', 'Shamorie Ponds', 'Stanley Johnson', 'Terence Davis']"
200,1610612762,2012-13,"['Al Jefferson', 'Alec Burks', 'DeMarre Carroll', 'Derrick Favors', 'Earl Watson', 'Enes Kanter', 'Gordon Hayward', 'Jamaal Tinsley', 'Jeremy Evans', 'Kevin Murphy', 'Marvin Williams', 'Mo Williams', 'Paul Millsap', 'Randy Foye']"
201,1610612762,2013-14,"['Alec Burks', 'Andris Biedrins', 'Brandon Rush', 'Derrick Favors', 'Diante Garrett', 'Enes Kanter', 'Gordon Hayward', 'Ian Clark', 'Jamaal Tinsley', 'Jeremy Evans', 'John Lucas III', 'Malcolm Thomas', 'Marvin Williams', 'Mike Harris', 'Richard Jefferson', 'Rudy Gobert', 'Trey Burke']"
202,1610612762,2014-15,"['Alec Burks', 'Bryce Cotton', 'Chris Johnson', 'Dante Exum', 'Derrick Favors', 'Elijah Millsap', 'Elliot Williams', 'Enes Kanter', 'Gordon Hayward', 'Grant Jerrett', 'Ian Clark', 'Jack Cooley', 'Jeremy Evans', 'Jerrelle Benimon', 'Joe Ingles', 'Patrick Christopher', 'Rodney Hood', 'Rudy Gobert', 'Steve Novak', ""Toure' Murry"", 'Trevor Booker', 'Trey Burke']"
203,1610612762,2015-16,"['Alec Burks', 'Chris Johnson', 'Derrick Favors', 'Elijah Millsap', 'Erick Green', 'Gordon Hayward', ""JJ O'Brien"", 'Jeff Withey', 'Joe Ingles', 'Raul Neto', 'Rodney Hood', 'Rudy Gobert', 'Shelvin Mack', 'Tibor Pleiss', 'Trevor Booker', 'Trey Burke', 'Trey Lyles']"
204,1610612762,2016-17,"['Alec Burks', 'Boris Diaw', 'Dante Exum', 'Derrick Favors', 'George Hill', 'Gordon Hayward', 'Jeff Withey', 'Joe Ingles', 'Joe Johnson', 'Joel Bolomboy', 'Raul Neto', 'Rodney Hood', 'Rudy Gobert', 'Shelvin Mack', 'Trey Lyles']"
205,1610612762,2017-18,"['Alec Burks', 'Dante Exum', 'David Stockton', 'Derrick Favors', 'Donovan Mitchell', 'Ekpe Udoh', 'Erik McCree', 'Georges Niang', 'Jae Crowder', 'Joe Ingles', 'Joe Johnson', 'Jonas Jerebko', 'Nate Wolters', 'Naz Mitrou-Long', 'Raul Neto', 'Ricky Rubio', 'Rodney Hood', ""Royce O'Neale"", 'Rudy Gobert', 'Thabo Sefolosha', 'Tony Bradley']"
206,1610612762,2018-19,"['Alec Burks', 'Dante Exum', 'Derrick Favors', 'Donovan Mitchell', 'Ekpe Udoh', 'Georges Niang', 'Grayson Allen', 'Jae Crowder', 'Joe Ingles', 'Kyle Korver', 'Naz Mitrou-Long', 'Raul Neto', 'Ricky Rubio', ""Royce O'Neale"", 'Rudy Gobert', 'Thabo Sefolosha', 'Tony Bradley', 'Tyler Cavanaugh']"
207,1610612762,2019-20,"['Bojan Bogdanovic', 'Dante Exum', 'Donovan Mitchell', 'Ed Davis', 'Emmanuel Mudiay', 'Georges Niang', 'Jarrell Brantley', 'Jeff Green', 'Joe Ingles', 'Jordan Clarkson', 'Justin Wright-Foreman', 'Juwan Morgan', 'Mike Conley', 'Miye Oni', 'Nigel Williams-Goss', 'Rayjon Tucker', ""Royce O'Neale"", 'Rudy Gobert', 'Stanton Kidd', 'Tony Bradley']"
208,1610612763,2012-13,"['Austin Daye', 'Chris Johnson', 'Darrell Arthur', 'Dexter Pittman', 'Ed Davis', 'Hamed Haddadi', 'Jerryd Bayless', 'Jon Leuer', 'Josh Selby', 'Keyon Dooling', 'Marc Gasol', 'Marreese Speights', 'Mike Conley', 'Quincy Pondexter', 'Rudy Gay', 'Tayshaun Prince', 'Tony Allen', 'Tony Wroten', 'Wayne Ellington', 'Zach Randolph']"
209,1610612763,2013-14,"['Beno Udrih', 'Courtney Lee', 'Darius Morris', 'Ed Davis', 'Jamaal Franklin', 'James Johnson', 'Jerryd Bayless', 'Jon Leuer', 'Kosta Koufos', 'Marc Gasol', 'Mike Conley', 'Mike Miller', 'Nick Calathes', 'Quincy Pondexter', 'Seth Curry', 'Tayshaun Prince', 'Tony Allen', 'Zach Randolph']"
210,1610612763,2014-15,"['Beno Udrih', 'Courtney Lee', 'JaMychal Green', 'Jarnell Stokes', 'Jeff Green', 'Jon Leuer', 'Jordan Adams', 'Kalin Lucas', 'Kosta Koufos', 'Marc Gasol', 'Mike Conley', 'Nick Calathes', 'Quincy Pondexter', 'Russ Smith', 'Tayshaun Prince', 'Tony Allen', 'Tyrus Thomas', 'Vince Carter', 'Zach Randolph']"
211,1610612763,2015-16,"['Alex Stepheson', 'Beno Udrih', 'Brandan Wright', 'Briante Weber', 'Bryce Cotton', 'Chris Andersen', 'Courtney Lee', 'Elliot Williams', 'JaMychal Green', 'James Ennis III', 'Jarell Martin', 'Jarnell Stokes', 'Jeff Green', 'Jordan Adams', 'Jordan Farmar', 'Lance Stephenson', 'Marc Gasol', 'Mario Chalmers', 'Matt Barnes', 'Mike Conley', 'PJ Hairston', 'Ray McCallum', 'Russ Smith', 'Ryan Hollins', 'Tony Allen', 'Vince Carter', 'Xavier Munford', 'Zach Randolph']"
212,1610612763,2016-17,"['Andrew Harrison', 'Brandan Wright', 'Chandler Parsons', 'Deyonta Davis', 'JaMychal Green', 'James Ennis III', 'Jarell Martin', 'Marc Gasol', 'Mike Conley', 'Toney Douglas', 'Tony Allen', 'Troy Daniels', 'Troy Williams', 'Vince Carter', 'Wade Baldwin IV', 'Wayne Selden', 'Zach Randolph']"
213,1610612763,2017-18,"['Andrew Harrison', 'Ben McLemore', 'Brandan Wright', 'Briante Weber', 'Brice Johnson', 'Chandler Parsons', 'Deyonta Davis', 'Dillon Brooks', 'Ivan Rabb', 'JaMychal Green', 'James Ennis III', 'Jarell Martin', 'Kobi Simmons', 'MarShon Brooks', 'Marc Gasol', 'Mario Chalmers', 'Marquis Teague', 'Mike Conley', 'Myke Henry', 'Omari Johnson', 'Tyreke Evans', 'Vincent Hunter', 'Wayne Selden', 'Xavier Rathan-Mayes']"
214,1610612763,2018-19,"['Andrew Harrison', 'Avery Bradley', 'Bruno Caboclo', 'CJ Miles', 'Chandler Parsons', 'DJ Stephens', 'Delon Wright', 'Dillon Brooks', 'Dusty Hannahs', 'Garrett Temple', 'Ivan Rabb', 'JaMychal Green', 'Jaren Jackson Jr.', 'Jevon Carter', 'Joakim Noah', 'Jonas Valanciunas', 'Julian Washburn', 'Justin Holiday', 'Kyle Anderson', 'MarShon Brooks', 'Marc Gasol', 'Mike Conley', 'Omri Casspi', 'Shelvin Mack', 'Tyler Dorsey', 'Tyler Zeller', 'Wayne Selden', 'Yuta Watanabe']"
215,1610612763,2019-20,"['Anthony Tolliver', 'Brandon Clarke', 'Bruno Caboclo', ""De'Anthony Melton"", 'Dillon Brooks', 'Dusty Hannahs', 'Gorgui Dieng', 'Grayson Allen', 'Ja Morant', 'Jae Crowder', 'Jaren Jackson Jr.', 'Jarrod Uthoff', 'John Konchar', 'Jonas Valanciunas', 'Jordan Bell', 'Josh Jackson', 'Kyle Anderson', 'Marko Guduric', 'Solomon Hill', 'Tyus Jones', 'Yuta Watanabe']"
216,1610612764,2012-13,"['AJ Price', 'Bradley Beal', 'Cartier Martin', 'Chris Singleton', 'Earl Barron', 'Emeka Okafor', 'Garrett Temple', 'Jan Vesely', 'Jannero Pargo', 'Jason Collins', 'John Wall', 'Jordan Crawford', 'Kevin Seraphin', 'Martell Webster', 'Nene', 'Shaun Livingston', 'Shelvin Mack', 'Trevor Ariza', 'Trevor Booker']"
217,1610612764,2013-14,"['Al Harrington', 'Andre Miller', 'Bradley Beal', 'Chris Singleton', 'Drew Gooden', 'Eric Maynor', 'Garrett Temple', 'Glen Rice', 'Jan Vesely', 'John Wall', 'Kevin Seraphin', 'Marcin Gortat', 'Martell Webster', 'Nene', 'Otto Porter Jr.', 'Trevor Ariza', 'Trevor Booker']"
218,1610612764,2014-15,"['Andre Miller', 'Bradley Beal', 'DeJuan Blair', 'Drew Gooden', 'Garrett Temple', 'Glen Rice', 'John Wall', 'Kevin Seraphin', 'Kris Humphries', 'Marcin Gortat', 'Martell Webster', 'Nene', 'Otto Porter Jr.', 'Paul Pierce', 'Ramon Sessions', 'Rasual Butler', ""Toure' Murry"", 'Will Bynum']"
219,1610612764,2015-16,"['Alan Anderson', 'Bradley Beal', 'DeJuan Blair', 'Drew Gooden', 'Garrett Temple', 'Gary Neal', 'JJ Hickson', 'Jared Dudley', 'Jarell Eddie', 'John Wall', 'Kelly Oubre Jr.', 'Kris Humphries', 'Marcin Gortat', 'Marcus Thornton', 'Markieff Morris', 'Nene', 'Otto Porter Jr.', 'Ramon Sessions', 'Ryan Hollins']"
220,1610612764,2016-17,"['Andrew Nicholson', 'Bojan Bogdanovic', 'Bradley Beal', 'Brandon Jennings', 'Chris McCullough', 'Daniel Ochefu', 'Danuel House Jr.', 'Ian Mahinmi', 'Jason Smith', 'John Wall', 'Kelly Oubre Jr.', 'Marcin Gortat', 'Marcus Thornton', 'Markieff Morris', 'Otto Porter Jr.', 'Sheldon Mac', 'Tomas Satoransky', 'Trey Burke']"
221,1610612764,2017-18,"['Bradley Beal', 'Chris McCullough', 'Devin Robinson', 'Ian Mahinmi', 'Jason Smith', 'Jodie Meeks', 'John Wall', 'Kelly Oubre Jr.', 'Marcin Gortat', 'Markieff Morris', 'Mike Scott', 'Otto Porter Jr.', 'Ramon Sessions', 'Tim Frazier', 'Tomas Satoransky']"
222,1610612764,2018-19,"['Austin Rivers', 'Bobby Portis', 'Bradley Beal', 'Chasson Randle', 'Devin Robinson', 'Dwight Howard', 'Gary Payton II', 'Ian Mahinmi', 'Jabari Parker', 'Jason Smith', 'Jeff Green', 'John Jenkins', 'John Wall', 'Jordan McRae', 'Kelly Oubre Jr.', 'Markieff Morris', 'Okaro White', 'Otto Porter Jr.', 'Ron Baker', 'Sam Dekker', 'Thomas Bryant', 'Tomas Satoransky', 'Trevor Ariza', 'Troy Brown Jr.', 'Wesley Johnson']"
223,1610612764,2019-20,"['Admiral Schofield', 'Anzejs Pasecniks', 'Bradley Beal', 'CJ Miles', 'Chris Chiozza', 'Davis Bertans', 'Garrison Mathews', 'Gary Payton II', 'Ian Mahinmi', 'Isaac Bonga', 'Isaiah Thomas', 'Ish Smith', 'Jerome Robinson', 'Johnathan Williams', 'Jordan McRae', 'Justin Robinson', 'Moritz Wagner', 'Rui Hachimura', 'Shabazz Napier', 'Thomas Bryant', 'Troy Brown Jr.']"
224,1610612765,2012-13,"['Andre Drummond', 'Austin Daye', 'Brandon Knight', 'Charlie Villanueva', 'Corey Maggette', 'Greg Monroe', 'Jason Maxiell', 'Jonas Jerebko', 'Jose Calderon', 'Khris Middleton', 'Kim English', 'Kyle Singler', 'Rodney Stuckey', 'Tayshaun Prince', 'Viacheslav Kravtsov', 'Will Bynum']"
225,1610612765,2013-14,"['Andre Drummond', 'Brandon Jennings', 'Charlie Villanueva', 'Chauncey Billups', 'Gigi Datome', 'Greg Monroe', 'Jonas Jerebko', 'Josh Harrellson', 'Josh Smith', 'Kentavious Caldwell-Pope', 'Kyle Singler', 'Peyton Siva', 'Rodney Stuckey', 'Tony Mitchell', 'Will Bynum']"
226,1610612765,2014-15,"['Andre Drummond', 'Anthony Tolliver', 'Brandon Jennings', 'Caron Butler', 'Cartier Martin', 'D.J. Augustin', 'Gigi Datome', 'Greg Monroe', 'Jodie Meeks', 'Joel Anthony', 'John Lucas III', 'Jonas Jerebko', 'Josh Smith', 'Kentavious Caldwell-Pope', 'Kyle Singler', 'Quincy Miller', 'Reggie Jackson', 'Shawne Williams', 'Spencer Dinwiddie', 'Tayshaun Prince']"
227,1610612765,2015-16,"['Andre Drummond', 'Anthony Tolliver', 'Aron Baynes', 'Brandon Jennings', 'Darrun Hilliard', 'Ersan Ilyasova', 'Jodie Meeks', 'Joel Anthony', 'Justin Harper', 'Kentavious Caldwell-Pope', 'Marcus Morris Sr.', 'Reggie Bullock', 'Reggie Jackson', 'Spencer Dinwiddie', 'Stanley Johnson', 'Steve Blake', 'Tobias Harris']"
228,1610612765,2016-17,"['Andre Drummond', 'Aron Baynes', 'Beno Udrih', 'Boban Marjanovic', 'Darrun Hilliard', 'Henry Ellenson', 'Ish Smith', 'Jon Leuer', 'Kentavious Caldwell-Pope', 'Marcus Morris Sr.', 'Michael Gbinije', 'Reggie Bullock', 'Reggie Jackson', 'Stanley Johnson', 'Tobias Harris']"
229,1610612765,2017-18,"['Andre Drummond', 'Anthony Tolliver', 'Avery Bradley', 'Blake Griffin', 'Boban Marjanovic', 'Dwight Buycks', 'Eric Moreland', 'Henry Ellenson', 'Ish Smith', 'Jameer Nelson', 'James Ennis III', 'Jon Leuer', 'Kay Felder', 'Langston Galloway', 'Luis Montero', 'Luke Kennard', 'Reggie Bullock', 'Reggie Hearn', 'Reggie Jackson', 'Stanley Johnson', 'Tobias Harris', 'Willie Reed']"
230,1610612765,2018-19,"['Andre Drummond', 'Blake Griffin', 'Bruce Brown', 'Glenn Robinson III', 'Henry Ellenson', 'Ish Smith', 'Jon Leuer', 'Jose Calderon', 'Kalin Lucas', 'Khyri Thomas', 'Langston Galloway', 'Luke Kennard', 'Reggie Bullock', 'Reggie Jackson', 'Stanley Johnson', 'Svi Mykhailiuk', 'Thon Maker', 'Wayne Ellington', 'Zach Lofton', 'Zaza Pachulia']"
231,1610612765,2019-20,"['Andre Drummond', 'Blake Griffin', 'Brandon Knight', 'Bruce Brown', 'Christian Wood', 'Derrick Rose', 'Derrick Walton Jr.', 'Donta Hall', 'John Henson', 'Jordan Bone', 'Jordan McRae', 'Khyri Thomas', 'Langston Galloway', 'Louis King', 'Luke Kennard', 'Markieff Morris', 'Reggie Jackson', 'Sekou Doumbouya', 'Svi Mykhailiuk', 'Thon Maker', 'Tim Frazier', 'Tony Snell']"
232,1610612766,2012-13,"['Ben Gordon', 'Bismack Biyombo', 'Brendan Haywood', 'Byron Mullens', 'Cory Higgins', 'DeSagana Diop', 'Gerald Henderson', 'Hakim Warrick', 'Jannero Pargo', 'Jeff Adrien', 'Jeffery Taylor', 'Josh McRoberts', 'Kemba Walker', 'Matt Carroll', 'Michael Kidd-Gilchrist', 'Ramon Sessions', 'Reggie Williams', 'Tyrus Thomas']"
233,1610612766,2013-14,"['Al Jefferson', 'Anthony Tolliver', 'Ben Gordon', 'Bismack Biyombo', 'Chris Douglas-Roberts', 'Cody Zeller', 'DJ White', 'Gary Neal', 'Gerald Henderson', 'James Southerland', 'Jannero Pargo', 'Jeff Adrien', 'Jeffery Taylor', 'Josh McRoberts', 'Justin Hamilton', 'Kemba Walker', 'Luke Ridnour', 'Michael Kidd-Gilchrist', 'Ramon Sessions']"
234,1610612766,2014-15,"['Al Jefferson', 'Bismack Biyombo', 'Brian Roberts', 'Cody Zeller', 'Gary Neal', 'Gerald Henderson', 'Jannero Pargo', 'Jason Maxiell', 'Jeffery Taylor', 'Kemba Walker', 'Lance Stephenson', 'Marvin Williams', 'Michael Kidd-Gilchrist', 'Mo Williams', 'Noah Vonleh', 'PJ Hairston', 'Troy Daniels']"
235,1610612766,2015-16,"['Aaron Harrison', 'Al Jefferson', 'Brian Roberts', 'Cody Zeller', 'Courtney Lee', 'Frank Kaminsky', 'Jeremy Lamb', 'Jeremy Lin', 'Jorge Gutierrez', 'Kemba Walker', 'Marvin Williams', 'Michael Kidd-Gilchrist', 'Nicolas Batum', 'PJ Hairston', 'Spencer Hawes', 'Troy Daniels', 'Tyler Hansbrough']"
236,1610612766,2016-17,"['Aaron Harrison', 'Brian Roberts', 'Briante Weber', 'Christian Wood', 'Cody Zeller', 'Frank Kaminsky', 'Jeremy Lamb', ""Johnny O'Bryant III"", 'Kemba Walker', 'Marco Belinelli', 'Marvin Williams', 'Michael Kidd-Gilchrist', 'Mike Tobey', 'Miles Plumlee', 'Nicolas Batum', 'Ramon Sessions', 'Roy Hibbert', 'Spencer Hawes', 'Treveon Graham']"
237,1610612766,2017-18,"['Cody Zeller', 'Dwayne Bacon', 'Dwight Howard', 'Frank Kaminsky', 'Jeremy Lamb', ""Johnny O'Bryant III"", 'Julyan Stone', 'Kemba Walker', 'Malik Monk', 'Mangok Mathiang', 'Marcus Paige', 'Marvin Williams', 'Michael Carter-Williams', 'Michael Kidd-Gilchrist', 'Nicolas Batum', 'Treveon Graham', 'Willy Hernangomez']"
238,1610612766,2018-19,"['Bismack Biyombo', 'Cody Zeller', ""Devonte' Graham"", 'Dwayne Bacon', 'Frank Kaminsky', 'J.P. Macura', 'Jeremy Lamb', 'Joe Chealey', 'Kemba Walker', 'Malik Monk', 'Marvin Williams', 'Michael Kidd-Gilchrist', 'Miles Bridges', 'Nicolas Batum', 'Shelvin Mack', 'Tony Parker', 'Willy Hernangomez']"
239,1610612766,2019-20,"['Bismack Biyombo', 'Caleb Martin', 'Cody Martin', 'Cody Zeller', ""Devonte' Graham"", 'Dwayne Bacon', 'Jalen McDaniels', 'Joe Chealey', 'Malik Monk', 'Marvin Williams', 'Michael Kidd-Gilchrist', 'Miles Bridges', 'Nicolas Batum', 'P.J. Washington', 'Terry Rozier', 'Willy Hernangomez']"
